text-3 href,text-3,story__link,story__link href,story__excerpt,timestamp--label,timestamp--time,Concatenate
www.dawn.com/business,Business,Yes to more women in tech!,1760063/yes-to-more-women-in-tech,"up half our population, women-led startups account for just 0.88pc of total funding raised since 2018.",Updated,2023-06-20,"Yes to more women in tech! up half our population, women-led startups account for just 0.88pc of total funding raised since 2018."
www.dawn.com/business,Business,680 points lost on IMF-driven panic selling,1760754/680-points-lost-on-imf-driven-panic-selling,the “bloodbath” was caused by selling headwinds after a gap of almost eight weeks.,Published,2023-06-20,680 points lost on IMF-driven panic selling the “bloodbath” was caused by selling headwinds after a gap of almost eight weeks.
www.dawn.com/business,Business,Textile exports shrink to $15bn,1760756/textile-exports-shrink-to-15bn,clothing exports contracted by 14.72 per cent year-on-year to $15.03 billion during the first...,Published,2023-06-20,Textile exports shrink to $15bn clothing exports contracted by 14.72 per cent year-on-year to $15.03 billion during the first...
www.dawn.com/business,Business,"Pak Suzuki shuts car, bike plants for want of parts",1760757/pak-suzuki-shuts-car-bike-plants-for-want-of-parts,by Rs68bn in 11 months.,Published,2023-06-20,"Pak Suzuki shuts car, bike plants for want of parts by Rs68bn in 11 months."
www.dawn.com/business,Business,PARC okays 14 high-yield rice varieties,1760758/parc-okays-14-high-yield-rice-varieties,introduction of high-yielding rice varieties would have on productivity and the profitability.,Published,2023-06-20,PARC okays 14 high-yield rice varieties introduction of high-yielding rice varieties would have on productivity and the profitability.
www.dawn.com/business,Business,Current account posts $255m surplus in May,1760761/current-account-posts-255m-surplus-in-may,narrows over 80pc to $2.9bn in 11MFY23.,Published,2023-06-20,Current account posts $255m surplus in May narrows over 80pc to $2.9bn in 11MFY23.
www.dawn.com/business,Business,Talks soon for transferring container terminal to UAE,1760762/talks-soon-for-transferring-container-terminal-to-uae,hold formal negotiations with UAE’s ADP for speedy transfer of the Container Terminal from KPT.,Published,2023-06-20,Talks soon for transferring container terminal to UAE hold formal negotiations with UAE’s ADP for speedy transfer of the Container Terminal from KPT.
www.dawn.com/business,Business,Punjab budget lacks clarity on allocations,1760763/punjab-budget-lacks-clarity-on-allocations,"lacks details about the allocations made for various sectors,"" says official.",Published,2023-06-20,"Punjab budget lacks clarity on allocations lacks details about the allocations made for various sectors,"" says official."
www.dawn.com/business,Business,Tesla’s Musk eyes significant India investments after meeting Modi,1760974/teslas-musk-eyes-significant-india-investments-after-meeting-modi,"""confident that Tesla will be in India and will do so as soon as humanly possible"".",Published,2023-06-21,"Tesla’s Musk eyes significant India investments after meeting Modi ""confident that Tesla will be in India and will do so as soon as humanly possible""."
www.dawn.com/business,Business,Dar apprises US envoy of progress on IMF talks as deadline looms,1760973/dar-apprises-us-envoy-of-progress-on-imf-talks-as-deadline-looms,"Blome about govt’s budgetary measures to reduce fiscal gap, meet its national and international obligations.",Updated,2023-06-21,"Dar apprises US envoy of progress on IMF talks as deadline looms Blome about govt’s budgetary measures to reduce fiscal gap, meet its national and international obligations."
www.dawn.com/business,Business,Stocks plunge 432 points as IMF accord remains clouded,1760966/stocks-plunge-432-points-as-imf-accord-remains-clouded,"Arif Habib Corp says stocks fell across the board as investors weigh rising Pakistan bond yields, indicating default risk was soaring.",Updated,2023-06-21,"Stocks plunge 432 points as IMF accord remains clouded Arif Habib Corp says stocks fell across the board as investors weigh rising Pakistan bond yields, indicating default risk was soaring."
www.dawn.com/business,Business,‘Geopolitics’ and the IMF: Delusion or myopia?,1760961/geopolitics-and-the-imf-delusion-or-myopia,Dar alleges geopolitics is to blame for Pakistan's IMF woes. But is it?,Published,2023-06-21,‘Geopolitics’ and the IMF: Delusion or myopia? Dar alleges geopolitics is to blame for Pakistan's IMF woes. But is it?
www.dawn.com/business,Business,Stocks inch up amid falling volumes,1760932/stocks-inch-up-amid-falling-volumes,decreases 30.6pc to 124.9m shares; traded value goes down 28pc to $14.1m on a day-on-day basis.,Updated,2023-06-21,Stocks inch up amid falling volumes decreases 30.6pc to 124.9m shares; traded value goes down 28pc to $14.1m on a day-on-day basis.
www.dawn.com/business,Business,Index to measure economic potential,1760933/index-to-measure-economic-potential,"a dynamic, practical tool to support developing countries in understanding their productive capacity's status.",Published,2023-06-21,"Index to measure economic potential a dynamic, practical tool to support developing countries in understanding their productive capacity's status."
www.dawn.com/business,Business,Power firms seek to extract Rs30bn more for May,1760934/power-firms-seek-to-extract-rs30bn-more-for-may,raise an additional Rs27bn in July’s bill while KE seeks to extract Rs2.8bn in FCAs for May.,Published,2023-06-21,Power firms seek to extract Rs30bn more for May raise an additional Rs27bn in July’s bill while KE seeks to extract Rs2.8bn in FCAs for May.
www.dawn.com/business,Business,Pakistan qualifies for UK’s new scheme,1760935/pakistan-qualifies-for-uks-new-scheme,allows Islamabad to avail duty-free exports to the UK markets.,Updated,2023-06-21,Pakistan qualifies for UK’s new scheme allows Islamabad to avail duty-free exports to the UK markets.
www.dawn.com/business,Business,Dollar loses Rs3 in open market,1760936/dollar-loses-rs3-in-open-market,Rs313-Rs314 in open market on May 31 before falling sharply to Rs295-296 on June 1.,Updated,2023-06-21,Dollar loses Rs3 in open market Rs313-Rs314 in open market on May 31 before falling sharply to Rs295-296 on June 1.
www.dawn.com/business,Business,Why educated Pakistanis are voting with their feet,1760937/why-educated-pakistanis-are-voting-with-their-feet,"832,339 Pakistanis obtained employment abroad in 2022, up 189 per cent from a year ago, BEOE data says.",Updated,2023-06-21,"Why educated Pakistanis are voting with their feet 832,339 Pakistanis obtained employment abroad in 2022, up 189 per cent from a year ago, BEOE data says."
www.dawn.com/business,Business,Pact for port assets’ transfer to UAE cleared,1760938/pact-for-port-assets-transfer-to-uae-cleared,"to “create favourable conditions for the operations, maintenance, upgradation"" of the Container Terminal at Berths 6 to 9, East Wharf at KPT.",Updated,2023-06-21,"Pact for port assets’ transfer to UAE cleared to “create favourable conditions for the operations, maintenance, upgradation"" of the Container Terminal at Berths 6 to 9, East Wharf at KPT."
www.dawn.com/business,Business,Foreign direct investment dips 21pc,1760939/foreign-direct-investment-dips-21pc,"least $1 billion in profits from foreign investments, SBP data reveals.",Published,2023-06-21,"Foreign direct investment dips 21pc least $1 billion in profits from foreign investments, SBP data reveals."
www.dawn.com/business,Business,NA resolution on uplift funds non-implementable: Dar,1760892/na-resolution-on-uplift-funds-non-implementable-dar,the funds cannot be prevented from lapsing without amending the law.,Published,2023-06-21,NA resolution on uplift funds non-implementable: Dar the funds cannot be prevented from lapsing without amending the law.
www.dawn.com/business,Business,Cold winter on the cards as govt fails to secure gas,1760904/cold-winter-on-the-cards-as-govt-fails-to-secure-gas,buy LNG from spot market this year falls through as no bids received.,Published,2023-06-21,Cold winter on the cards as govt fails to secure gas buy LNG from spot market this year falls through as no bids received.
www.dawn.com/business,Business,Simple arithmetic shows Pakistan is set to run out of forex reserves latest by December,1761064,seems to have lost the ability to clinch a deal with the IMF.,Published,2023-06-22,Simple arithmetic shows Pakistan is set to run out of forex reserves latest by December seems to have lost the ability to clinch a deal with the IMF.
www.dawn.com/business,Business,Editorial: Govt’s new investment forum must go beyond security assurances to succeed with foreign investors,1761061,wishes to operate in the country needs to be organically embedded in its larger economy in order to thrive.,Published,2023-06-22,Editorial: Govt’s new investment forum must go beyond security assurances to succeed with foreign investors wishes to operate in the country needs to be organically embedded in its larger economy in order to thrive.
www.dawn.com/business,Business,Stocks lose 432 points on economic turmoil,1761077/stocks-lose-432-points-on-economic-turmoil,"no positive development took place on the IMF front, which hurt investors’ sentiments.",Published,2023-06-22,"Stocks lose 432 points on economic turmoil no positive development took place on the IMF front, which hurt investors’ sentiments."
www.dawn.com/business,Business,SBP issues revised regulations for EMIs,1761078/sbp-issues-revised-regulations-for-emis,allow EMIs to offer their customers increased monthly wallet limits along with offering new payment services.,Published,2023-06-22,SBP issues revised regulations for EMIs allow EMIs to offer their customers increased monthly wallet limits along with offering new payment services.
www.dawn.com/business,Business,Combating proliferation financing,1761079/combating-proliferation-financing,to (AML/CFT) Regulations 2020 to enhance the regulatory oversight.,Published,2023-06-22,Combating proliferation financing to (AML/CFT) Regulations 2020 to enhance the regulatory oversight.
www.dawn.com/business,Business,Govt borrows Rs4.6tr in a week,1761080/govt-borrows-rs46tr-in-a-week,through auction of treasury bills; banks offer bids of Rs3.3tr.,Published,2023-06-22,Govt borrows Rs4.6tr in a week through auction of treasury bills; banks offer bids of Rs3.3tr.
www.dawn.com/business,Business,FBR recovers Rs1.4bn evaded by ‘reputed’ firm,1761081/fbr-recovers-rs14bn-evaded-by-reputed-firm,"credit notes of huge amount, suppressing output tax to reduce its sales tax liability.",Updated,2023-06-22,"FBR recovers Rs1.4bn evaded by ‘reputed’ firm credit notes of huge amount, suppressing output tax to reduce its sales tax liability."
www.dawn.com/business,Business,‘End fossil fuel financing’,1761082/end-fossil-fuel-financing,"on financing flows from 2019-22 for energy projects, their implications for country’s future power supplies.",Published,2023-06-22,"‘End fossil fuel financing’ on financing flows from 2019-22 for energy projects, their implications for country’s future power supplies."
www.dawn.com/business,Business,KE tariff goes up by Rs1.52 per unit as payables surge to Rs592bn,1761083/ke-tariff-goes-up-by-rs152-per-unit-as-payables-surge-to-rs592bn,relaxations for pharma and timber sectors.,Published,2023-06-22,KE tariff goes up by Rs1.52 per unit as payables surge to Rs592bn relaxations for pharma and timber sectors.
www.dawn.com/business,Business,Dar-Blome meeting seen as positive development,1761084/dar-blome-meeting-seen-as-positive-development,for breakthrough in negotiations with IMF for release of $1.2bn tranche.,Published,2023-06-22,Dar-Blome meeting seen as positive development for breakthrough in negotiations with IMF for release of $1.2bn tranche.
www.dawn.com/business,Business,"New forum to revive economy, spur investment",1761072/new-forum-to-revive-economy-spur-investment,"on leveraging key sectors, attract investment from friendly countries.",Updated,2023-06-22,"New forum to revive economy, spur investment on leveraging key sectors, attract investment from friendly countries."
www.dawn.com/business,Business,Pakistan’s economic meltdown spurs more people to risk lives to reach Europe,1761302/pakistans-economic-meltdown-spurs-more-people-to-risk-lives-to-reach-europe,out of money with foreign exchange reserves to cover less than a month’s imports.,Updated,2023-06-23,Pakistan’s economic meltdown spurs more people to risk lives to reach Europe out of money with foreign exchange reserves to cover less than a month’s imports.
www.dawn.com/business,Business,Working class faces mounting vulnerability as govt continues to propagate investor-friendly gimmicks,1761276,money is all that seems to matter.,Updated,2023-06-23,Working class faces mounting vulnerability as govt continues to propagate investor-friendly gimmicks money is all that seems to matter.
www.dawn.com/business,Business,Stocks move south on dearth of positive triggers,1761217/stocks-move-south-on-dearth-of-positive-triggers,says investors remained concerned about a weak earnings outlook amid surging industrial energy prices.,Published,2023-06-23,Stocks move south on dearth of positive triggers says investors remained concerned about a weak earnings outlook amid surging industrial energy prices.
www.dawn.com/business,Business,Lucky reclassifies Rs116bn reserves,1761221/lucky-reclassifies-rs116bn-reserves,the revenue reserves to separate capital reserves to reflect their nature “more accurately”.,Updated,2023-06-23,Lucky reclassifies Rs116bn reserves the revenue reserves to separate capital reserves to reflect their nature “more accurately”.
www.dawn.com/business,Business,SBP reserves plunge to $3.5bn,1761222/sbp-reserves-plunge-to-35bn,already lost some $7.1bn due to low exports and remittances this fiscal year.,Published,2023-06-23,SBP reserves plunge to $3.5bn already lost some $7.1bn due to low exports and remittances this fiscal year.
www.dawn.com/business,Business,Oil imports shrink 22pc amid demand slowdown,1761224/oil-imports-shrink-22pc-amid-demand-slowdown,quantities of crude oil is a clear indication of reduced transportation and other economic activities in the country.,Published,2023-06-23,Oil imports shrink 22pc amid demand slowdown quantities of crude oil is a clear indication of reduced transportation and other economic activities in the country.
www.dawn.com/business,Business,"Tax net to be expanded, Dar assures FPCCI",1761225/tax-net-to-be-expanded-dar-assures-fpcci,"Dar had promised to look into a list of anomalies on income tax, withholding tax, sales tax, FED and customs.",Published,2023-06-23,"Tax net to be expanded, Dar assures FPCCI Dar had promised to look into a list of anomalies on income tax, withholding tax, sales tax, FED and customs."
www.dawn.com/business,Business,UAE firm to operate Karachi Terminal,1761227/uae-firm-to-operate-karachi-terminal,"would manage, operate and develop Karachi Gateway Terminal Ltd with an investment of $1bn.",Published,2023-06-23,"UAE firm to operate Karachi Terminal would manage, operate and develop Karachi Gateway Terminal Ltd with an investment of $1bn."
www.dawn.com/business,Business,Stocks close weekend session with extended losses,1761444/stocks-close-weekend-session-with-extended-losses,like mammoth repayments of foreign debt by the end of 2023 discourage in­­v­e­­stors from taking positions.,Published,2023-06-24,Stocks close weekend session with extended losses like mammoth repayments of foreign debt by the end of 2023 discourage in­­v­e­­stors from taking positions.
www.dawn.com/business,Business,Indus Motor shuts Karachi plant,1761445/indus-motor-shuts-karachi-plant,plant from June 26-27 due to insufficient inventory levels to maintain production.,Updated,2023-06-24,Indus Motor shuts Karachi plant plant from June 26-27 due to insufficient inventory levels to maintain production.
www.dawn.com/business,Business,Minister defends port deal with UAE firm,1761446/minister-defends-port-deal-with-uae-firm,"criticism, Faisal Subzwari clarifies Karachi port not handed over or sold to any country.",Published,2023-06-24,"Minister defends port deal with UAE firm criticism, Faisal Subzwari clarifies Karachi port not handed over or sold to any country."
www.dawn.com/business,Business,Multinationals call for fixing budget ‘anomalies’,1761447/multinationals-call-for-fixing-budget-anomalies,"in super tax rate from 4pc to 10pc “inequitable and unfair”, take exception to proposed immunity on foreign remittances.",Updated,2023-06-24,"Multinationals call for fixing budget ‘anomalies’ in super tax rate from 4pc to 10pc “inequitable and unfair”, take exception to proposed immunity on foreign remittances."
www.dawn.com/business,Business,Weekly inflation steady at 34pc,1761449/weekly-inflation-steady-at-34pc,"drop in prices are onions (25pc), tomatoes (24pc), masoor pulse (4.5pc) and diesel (4pc).",Published,2023-06-24,"Weekly inflation steady at 34pc drop in prices are onions (25pc), tomatoes (24pc), masoor pulse (4.5pc) and diesel (4pc)."
www.dawn.com/business,Business,Import curbs lifted despite low reserves,1761450/import-curbs-lifted-despite-low-reserves,"official says country not in position to allow imports, believes decision taken under IMF’s pressure.",Published,2023-06-24,"Import curbs lifted despite low reserves official says country not in position to allow imports, believes decision taken under IMF’s pressure."
www.dawn.com/business,Business,Rs259bn grants okayed days before fiscal year’s close,1761451/rs259bn-grants-okayed-days-before-fiscal-years-close,"in Sindh to export 32,000 tonnes of sugar.",Published,2023-06-24,"Rs259bn grants okayed days before fiscal year’s close in Sindh to export 32,000 tonnes of sugar."
www.dawn.com/business,Business,Road to IMF tranche paved with good intentions,1761636,with the IMF on its external financing gap projections.,Published,2023-06-25,Road to IMF tranche paved with good intentions with the IMF on its external financing gap projections.
www.dawn.com/business,Business,"Power outages galore as shortfall exceeds 6,000MW",1761633/power-outages-galore-as-shortfall-exceeds-6000mw,"""ill-equipped"" to bear ""huge load"" as demand reaches 30,000MW.",Updated,2023-06-25,"Power outages galore as shortfall exceeds 6,000MW ""ill-equipped"" to bear ""huge load"" as demand reaches 30,000MW."
www.dawn.com/business,Business,Stocks extend losses in depressed week,1761620/stocks-extend-losses-in-depressed-week,by SBP fall by $482m week-on-week to $3.5bn; govt raises over Rs2.4tr through auction of treasury bills.,Updated,2023-06-25,Stocks extend losses in depressed week by SBP fall by $482m week-on-week to $3.5bn; govt raises over Rs2.4tr through auction of treasury bills.
www.dawn.com/business,Business,Inflows increase as rupee stabilises in open market,1761621/inflows-increase-as-rupee-stabilises-in-open-market,"dealers, inflows from exports and remittances have significantly exceeded the daily average of $3-$5m.",Updated,2023-06-25,"Inflows increase as rupee stabilises in open market dealers, inflows from exports and remittances have significantly exceeded the daily average of $3-$5m."
www.dawn.com/business,Business,CDWP clears 28 projects worth Rs309 billion,1761622/cdwp-clears-28-projects-worth-rs309-billion,"service centre for Special Economic Zones worth Rs698m, construction of interchange on Lahore-Karachi Motorway cleared.",Published,2023-06-25,"CDWP clears 28 projects worth Rs309 billion service centre for Special Economic Zones worth Rs698m, construction of interchange on Lahore-Karachi Motorway cleared."
www.dawn.com/business,Business,"Business community decries greater burden on masses, industry",1761623/business-community-decries-greater-burden-on-masses-industry,"any initiative to attract investment, broaden tax net, create jobs; anomalies remain unresolved.",Updated,2023-06-25,"Business community decries greater burden on masses, industry any initiative to attract investment, broaden tax net, create jobs; anomalies remain unresolved."
www.dawn.com/business,Business,No more multiple pensions,1761607/no-more-multiple-pensions,high-profile people in country currently receiving multiple pensions.,Published,2023-06-25,No more multiple pensions high-profile people in country currently receiving multiple pensions.
www.dawn.com/business,Business,Acting President Sanjrani signs finance and election bills,1761841/acting-president-sanjrani-signs-finance-and-election-bills,"new taxes, limits disqualification of lawmakers to 5 years, empowers ECP to announce election dates unilaterally.",Updated,2023-06-26,"Acting President Sanjrani signs finance and election bills new taxes, limits disqualification of lawmakers to 5 years, empowers ECP to announce election dates unilaterally."
www.dawn.com/business,Business,"Shares at PSX surge 1,371 points on ‘fresh hopes’ of IMF revival",1761835/shares-at-psx-surge-1371-points-on-fresh-hopes-of-imf-revival,"cements and import-dependant sectors such as autos leading the rally,"" says analyst Raza Jafri.",Updated,2023-06-26,"Shares at PSX surge 1,371 points on ‘fresh hopes’ of IMF revival cements and import-dependant sectors such as autos leading the rally,"" says analyst Raza Jafri."
www.dawn.com/business,Business,Pakistan stands to gain immensely from prioritising its export sector,1761722,"export base and improving trade performance, Pakistan can earn foreign exchange that can be utilised to address the deficit.",Published,2023-06-26,"Pakistan stands to gain immensely from prioritising its export sector export base and improving trade performance, Pakistan can earn foreign exchange that can be utilised to address the deficit."
www.dawn.com/business,Business,"While Pakistan can be blamed for delaying needed structural reforms, the IMF needs to show some flexibility",1761785/corporate-window-averting-disruption,"not on the agenda for IMF Board meetings scheduled for the end of this month, it has no option but to get IMF on board.",Published,2023-06-26,"While Pakistan can be blamed for delaying needed structural reforms, the IMF needs to show some flexibility not on the agenda for IMF Board meetings scheduled for the end of this month, it has no option but to get IMF on board."
www.dawn.com/business,Business,"Editorial: Despite meeting the IMF demand, govt has wasted yet another opportunity to broaden the tax base",1761754,burden of the additional taxes will be borne by the organised corporate sector and salaried classes.,Updated,2023-06-26,"Editorial: Despite meeting the IMF demand, govt has wasted yet another opportunity to broaden the tax base burden of the additional taxes will be borne by the organised corporate sector and salaried classes."
www.dawn.com/business,Business,Is the allocated amount for ECP sufficient to ensure transparency and credibility in elections?,1761776,express ignorance on gap between demand and proposed supply of funds.,Published,2023-06-26,Is the allocated amount for ECP sufficient to ensure transparency and credibility in elections? express ignorance on gap between demand and proposed supply of funds.
www.dawn.com/business,Business,Finance: Time to rethink strategies,1761724/finance-time-to-rethink-strategies,able to get additional forex inflows of 11bn in next two quarters without revival of the current IMF programme?,Published,2023-06-26,Finance: Time to rethink strategies able to get additional forex inflows of 11bn in next two quarters without revival of the current IMF programme?
www.dawn.com/business,Business,The Fault in our Special Economic Zones,1761777/the-fault-in-our-special-economic-zones,be revised to emphasise the externalities to reap comprehensive benefits from our zones.,Updated,2023-06-26,The Fault in our Special Economic Zones be revised to emphasise the externalities to reap comprehensive benefits from our zones.
www.dawn.com/business,Business,The export of labourers and drivers,1761784/the-export-of-labourers-and-drivers,"roughly 115,000 people as managers since 1971 and 32,000 as doctors.",Updated,2023-06-26,"The export of labourers and drivers roughly 115,000 people as managers since 1971 and 32,000 as doctors."
www.dawn.com/business,Business,Govt waits for IMF nod after revising budget,1761807/govt-waits-for-imf-nod-after-revising-budget,spending proposals for fiscal 2024 have been significantly changed after lender’s objections.,Updated,2023-06-26,Govt waits for IMF nod after revising budget spending proposals for fiscal 2024 have been significantly changed after lender’s objections.
www.dawn.com/business,Business,PM Shehbaz hopes for IMF decision in a day or two,1762013/pm-shehbaz-hopes-for-imf-decision-in-a-day-or-two,"with PM, govt says IMF MD acknowledged finance minister and his team's efforts for completion of IMF programme.",Updated,2023-06-27,"PM Shehbaz hopes for IMF decision in a day or two with PM, govt says IMF MD acknowledged finance minister and his team's efforts for completion of IMF programme."
www.dawn.com/business,Business,HCCI head opposes increase in income tax slabs by federal govt,1761905/hcci-head-opposes-increase-in-income-tax-slabs-by-federal-govt,force businessmen to migrate from Pakistan,Published,2023-06-27,HCCI head opposes increase in income tax slabs by federal govt force businessmen to migrate from Pakistan
www.dawn.com/business,Business,"New tax measures to hit builders, developers and fertiliser sales",1761978/new-tax-measures-to-hit-builders-developers-and-fertiliser-sales,of tax rates on higher income slabs.,Updated,2023-06-27,"New tax measures to hit builders, developers and fertiliser sales of tax rates on higher income slabs."
www.dawn.com/business,Business,Hike in policy rate to cripple business and industry: KCCI,1761979/hike-in-policy-rate-to-cripple-business-and-industry-kcci,"further push up the cost of doing business and dampen prospects for reining in cost-push inflation,” says KCCI chief.",Updated,2023-06-27,"Hike in policy rate to cripple business and industry: KCCI further push up the cost of doing business and dampen prospects for reining in cost-push inflation,” says KCCI chief."
www.dawn.com/business,Business,National Savings floats Islamic products,1761982/national-savings-floats-islamic-products,"would be available to investors at a rate of return of 20.80pc, followed by 18pc for three years and 12.84pc for five year",Published,2023-06-27,"National Savings floats Islamic products would be available to investors at a rate of return of 20.80pc, followed by 18pc for three years and 12.84pc for five year"
www.dawn.com/business,Business,SBP springs surprise interest rate hike of 100bps,1761889/sbp-springs-surprise-interest-rate-hike-of-100bps,"yet another IMF condition for loan programme revival, analysts say.",Updated,2023-06-27,"SBP springs surprise interest rate hike of 100bps yet another IMF condition for loan programme revival, analysts say."
www.dawn.com/business,Business,Budget FY24: Use our calculator to find out how much tax you will pay on your salary,1761867/budget-fy24-use-our-calculator-to-find-out-how-much-tax-you-will-pay-on-your-salary,salary and find out how much will be deducted as income tax.,Updated,2023-06-27,Budget FY24: Use our calculator to find out how much tax you will pay on your salary salary and find out how much will be deducted as income tax.
www.dawn.com/business,Business,"Pak Suzuki Motor, Bannu Woollen Mills shut plants",1762118/psmcl-bannu-shut-plants,"extends shutdown of bike, car plants till July 15; Bannu Woollen Mills suspends production activities from July 2-15.",Published,2023-06-28,"Pak Suzuki Motor, Bannu Woollen Mills shut plants extends shutdown of bike, car plants till July 15; Bannu Woollen Mills suspends production activities from July 2-15."
www.dawn.com/business,Business,Editorial: Additional tax burden is more likely to worsen brain drain that Pakistan has experienced of late,1762158,rate will only encourage more people to dodge the taxman.,Published,2023-06-28,Editorial: Additional tax burden is more likely to worsen brain drain that Pakistan has experienced of late rate will only encourage more people to dodge the taxman.
www.dawn.com/business,Business,"Pakistan, IMF weigh $2.5bn ‘standby arrangement’",1762155/pakistan-imf-weigh-25bn-standby-arrangement,to ensure it doesn’t lose $1.4bn quota already approved by IMF board.,Updated,2023-06-28,"Pakistan, IMF weigh $2.5bn ‘standby arrangement’ to ensure it doesn’t lose $1.4bn quota already approved by IMF board."
www.dawn.com/business,Business,Second Russian oil ship docks at Karachi port,1762147/second-russian-oil-ship-docks-at-karachi-port,"of a second oil tanker, Russia has completed the first shipment of 100,000 tonnes of Ural oil to Pakistan.",Updated,2023-06-28,"Second Russian oil ship docks at Karachi port of a second oil tanker, Russia has completed the first shipment of 100,000 tonnes of Ural oil to Pakistan."
www.dawn.com/business,Business,Stocks close in green ahead of long Eid break,1762116/stocks-close-in-green-ahead-of-long-eid-break,within a narrow band as investors prepare for an extended Eid break.,Updated,2023-06-28,Stocks close in green ahead of long Eid break within a narrow band as investors prepare for an extended Eid break.
www.dawn.com/business,Business,Brokers against changes to futures exchange rules,1762117/brokers-against-changes-to-futures-exchange-rules,SECP added sub-clause pertaining to handling of money and assets of futures brokers and their customers.,Published,2023-06-28,Brokers against changes to futures exchange rules SECP added sub-clause pertaining to handling of money and assets of futures brokers and their customers.
www.dawn.com/business,Business,"Ecnec clears Rs291bn road, water projects",1762119/ecnec-clears-rs291bn-road-water-projects,Protection Sector Project-III at an updated cost of Rs194.625bn and Rs8.583bn National Multi-sectoral Nutrition Pro­gramme.,Published,2023-06-28,"Ecnec clears Rs291bn road, water projects Protection Sector Project-III at an updated cost of Rs194.625bn and Rs8.583bn National Multi-sectoral Nutrition Pro­gramme."
www.dawn.com/business,Business,JS Bank makes public offer for BIPL acquisition,1762120/js-bank-makes-public-offer-for-bipl-acquisition,to operate as an independent Islamic banking subsidiary of JS Bank after the transaction.,Published,2023-06-28,JS Bank makes public offer for BIPL acquisition to operate as an independent Islamic banking subsidiary of JS Bank after the transaction.
www.dawn.com/business,Business,FBR set to miss target by Rs522bn,1762122/fbr-set-to-miss-target-by-rs522bn,projection to Rs7.2tr from Rs7.64tr for FY23.,Updated,2023-06-28,FBR set to miss target by Rs522bn projection to Rs7.2tr from Rs7.64tr for FY23.
www.dawn.com/business,Business,ECC allows petroleum imports on suppliers’ credit,1762123/ecc-allows-petroleum-imports-on-suppliers-credit,will threaten local production and supply chain integrity.,Updated,2023-06-28,ECC allows petroleum imports on suppliers’ credit will threaten local production and supply chain integrity.
www.dawn.com/business,Business,Shell’s exit from Pakistan can have a ripple effect on the economy,1762321,distortions in the Pakistani market alone for the multinational’s exit.,Published,2023-06-29,Shell’s exit from Pakistan can have a ripple effect on the economy distortions in the Pakistani market alone for the multinational’s exit.
www.dawn.com/business,Business,Non-textile exports fall to $10.3bn,1762242/non-textile-exports-fall-to-103bn,12.05pc in value and 22.30pc in quantity in 11MFY23 from a year ago.,Published,2023-06-29,Non-textile exports fall to $10.3bn 12.05pc in value and 22.30pc in quantity in 11MFY23 from a year ago.
www.dawn.com/business,Business,Rupee suffers record depreciation in FY23,1762243/rupee-suffers-record-depreciation-in-fy23,"available at Rs204.85 on June 30, 2022, since then it started rising sharply destroying the confidence of PKR.",Updated,2023-06-30,"Rupee suffers record depreciation in FY23 available at Rs204.85 on June 30, 2022, since then it started rising sharply destroying the confidence of PKR."
www.dawn.com/business,Business,"Reversing trend, chicken prices soar on the eve of meaty Eid",1762244/reversing-trend-chicken-prices-soar-on-the-eve-of-meaty-eid,live poultry has reached up to Rs560 per kilogram and that of clean meat to Rs820-850.,Updated,2023-06-29,"Reversing trend, chicken prices soar on the eve of meaty Eid live poultry has reached up to Rs560 per kilogram and that of clean meat to Rs820-850."
www.dawn.com/business,Business,"Money market, income funds outperform stocks",1762245/money-market-income-funds-outperform-stocks,the first 11 months of 2022-23 remained 29.2 per cent versus 11.3pc a year ago.,Published,2023-06-29,"Money market, income funds outperform stocks the first 11 months of 2022-23 remained 29.2 per cent versus 11.3pc a year ago."
www.dawn.com/business,Business,‘Standby agreement’ with IMF may get Pakistan through election period,1762307/standby-agreement-with-imf-may-get-pakistan-through-election-period,global lender would negotiate a fresh programme with new government after general polls are held.,Updated,2023-06-29,‘Standby agreement’ with IMF may get Pakistan through election period global lender would negotiate a fresh programme with new government after general polls are held.
www.dawn.com/business,Business,"Strategy in place to check fuel hoarding, says Musadik",1762312/strategy-in-place-to-check-fuel-hoarding-says-musadik,"process for drilling of 16 out of 24 wells in the sea initiated, govt making efforts to stabilise economy.",Published,2023-06-29,"Strategy in place to check fuel hoarding, says Musadik process for drilling of 16 out of 24 wells in the sea initiated, govt making efforts to stabilise economy."
www.dawn.com/business,Business,What Pakistan needs to do under the IMF programme,1762374/what-pakistan-needs-to-do-under-the-imf-programme,"funding, full and timely implementation of IMF programme are critical for pact's success.",Published,2023-06-30,"What Pakistan needs to do under the IMF programme funding, full and timely implementation of IMF programme are critical for pact's success."
www.dawn.com/business,Business,Pakistan’s last-gasp IMF bailout as it happened,1762368/pakistans-last-gasp-imf-bailout-as-it-happened,an SBA as the existing Extended Financing Facility programme signed in 2019 expires later today.,Published,2023-06-30,Pakistan’s last-gasp IMF bailout as it happened an SBA as the existing Extended Financing Facility programme signed in 2019 expires later today.
www.dawn.com/business,Business,IMF deal expected in next 24 hours: Ishaq Dar,1762354/imf-deal-expected-in-next-24-hours-ishaq-dar,"close to signing a staff-level agreement with the IMF,"" the finance minister tells Reuters.",Published,2023-06-30,"IMF deal expected in next 24 hours: Ishaq Dar close to signing a staff-level agreement with the IMF,"" the finance minister tells Reuters."
