text-3 href,text-3,story__link,story__link href,story__excerpt,timestamp--label,timestamp--time,Concatenate
www.dawn.com/sport,Sport,Najam Sethi pulls out of PCB race,1760731/najam-sethi-pulls-out-of-pcb-race,"to be a bone of contention between Asif Zardari and Shehbaz Sharif,"" says Sethi.",Updated,2023-06-20,"Najam Sethi pulls out of PCB race to be a bone of contention between Asif Zardari and Shehbaz Sharif,"" says Sethi."
www.dawn.com/sport,Sport,Afghanistan call up five uncapped players for Bangladesh ODIs,1760693/afghanistan-call-up-five-uncapped-players-for-bangladesh-odis,Saleem Safi and Wafadar Momand included in squad.,Updated,2023-06-20,Afghanistan call up five uncapped players for Bangladesh ODIs Saleem Safi and Wafadar Momand included in squad.
www.dawn.com/sport,Sport,Broad revives England’s victory bid as Khawaja holds firm,1760696/broad-revives-englands-victory-bid-as-khawaja-holds-firm,Cummins and Nathan Lyon took four wickets each in England’s second-innings 273.,Published,2023-06-20,Broad revives England’s victory bid as Khawaja holds firm Cummins and Nathan Lyon took four wickets each in England’s second-innings 273.
www.dawn.com/sport,Sport,Indian football team beats Pakistan 4-0 in SAFF Cup opener,1760979/indian-football-team-beats-pakistan-4-0-in-saff-cup-opener,first time since 2014 that India is hosting Pakistan's footballers.,Updated,2023-06-21,Indian football team beats Pakistan 4-0 in SAFF Cup opener first time since 2014 that India is hosting Pakistan's footballers.
www.dawn.com/sport,Sport,Paris 2024 headquarters searched in corruption probe,1760879/paris-2024-headquarters-searched-in-corruption-probe,part of investigations into alleged embezzlement of public funds and favouritism.,Published,2023-06-21,Paris 2024 headquarters searched in corruption probe part of investigations into alleged embezzlement of public funds and favouritism.
www.dawn.com/sport,Sport,"Pakistan to play Tests in Galle, Colombo",1760880/pakistan-to-play-tests-in-galle-colombo,Sri Lanka in July 2022 when a two-match Test series resulted in a 1-1 stalemate.,Published,2023-06-21,"Pakistan to play Tests in Galle, Colombo Sri Lanka in July 2022 when a two-match Test series resulted in a 1-1 stalemate."
www.dawn.com/sport,Sport,Zaka Ashraf set to become PCB chairman again,1760884/zaka-ashraf-set-to-become-pcb-chairman-again,for the body's Board of Governors by PM Shehbaz.,Updated,2023-06-21,Zaka Ashraf set to become PCB chairman again for the body's Board of Governors by PM Shehbaz.
www.dawn.com/sport,Sport,NA body wants IPC Ministry to conduct audit of PHF grants,1760887/na-body-wants-ipc-ministry-to-conduct-audit-of-phf-grants,to be submitted for reviewing.,Updated,2023-06-21,NA body wants IPC Ministry to conduct audit of PHF grants to be submitted for reviewing.
www.dawn.com/sport,Sport,NZ to raise racism concerns after abandoning game in Qatar,1760895/nz-to-raise-racism-concerns-after-abandoning-game-in-qatar,"Qatari opponent directed a “significant racist slur” at All Whites defender Michael Boxall, who has Samoan heritage.",Updated,2023-06-21,"NZ to raise racism concerns after abandoning game in Qatar Qatari opponent directed a “significant racist slur” at All Whites defender Michael Boxall, who has Samoan heritage."
www.dawn.com/sport,Sport,ACC board member brushes aside Zaka Ashraf’s rejection of Asia Cup hybrid model: report,1761121/acc-board-member-brushes-aside-zaka-ashrafs-rejection-of-asia-cup-hybrid-model-report,"quotes an ACC source as saying, ""The Asia Cup model has been accepted by ACC and there would be no change.""",Published,2023-06-22,"ACC board member brushes aside Zaka Ashraf’s rejection of Asia Cup hybrid model: report quotes an ACC source as saying, ""The Asia Cup model has been accepted by ACC and there would be no change."""
www.dawn.com/sport,Sport,"Usman, Umair take golds in Special Olympics",1761028/usman-umair-take-golds-in-special-olympics,"road race in 7m, 21.59s while Umair wins gold medal in men’s javelin throw event with a throw of 38.81m.",Published,2023-06-22,"Usman, Umair take golds in Special Olympics road race in 7m, 21.59s while Umair wins gold medal in men’s javelin throw event with a throw of 38.81m."
www.dawn.com/sport,Sport,Ahsan clinches Asian U-21 snooker,1761030/ahsan-clinches-asian-u-21-snooker,Pourali Darehchi 5-2 in the best-of-nine frames final of the Asian U-21 Snooker Championship in Tehran.,Published,2023-06-22,Ahsan clinches Asian U-21 snooker Pourali Darehchi 5-2 in the best-of-nine frames final of the Asian U-21 Snooker Championship in Tehran.
www.dawn.com/sport,Sport,Arshad set to miss Asian Championships,1761031/arshad-set-to-miss-asian-championships,"the javelin thrower's decision to take part in the recent National Games, noting he was fit before taking part in those.",Updated,2023-06-22,"Arshad set to miss Asian Championships the javelin thrower's decision to take part in the recent National Games, noting he was fit before taking part in those."
www.dawn.com/sport,Sport,"Ronaldo marks 200th Portugal cap with winner, Haaland fires Norway",1761033/ronaldo-marks-200th-portugal-cap-with-winner-haaland-fires-norway,marked his 200th international appearance with the winner as Portugal beat Icel­and 1-0 in...,Published,2023-06-22,"Ronaldo marks 200th Portugal cap with winner, Haaland fires Norway marked his 200th international appearance with the winner as Portugal beat Icel­and 1-0 in..."
www.dawn.com/sport,Sport,Pakistan says evaluating World Cup participation in India,1761300/pakistan-says-evaluating-world-cup-participation-in-india,separation of politics and sports.,Published,2023-06-23,Pakistan says evaluating World Cup participation in India separation of politics and sports.
www.dawn.com/sport,Sport,Ahsan goes down in Asian 6-Reds opener,1761196/ahsan-goes-down-in-asian-6-reds-opener,up a 4-1 victory over Qatar’s Khamis Alobaidli in Group ‘K’.,Published,2023-06-23,Ahsan goes down in Asian 6-Reds opener up a 4-1 victory over Qatar’s Khamis Alobaidli in Group ‘K’.
www.dawn.com/sport,Sport,PHF receives Aikman’s salary cheque,1761197/phf-receives-aikmans-salary-cheque,"coach was disappointed over the treatment meted out to him by the PSB, which failed to pay his salaries.",Published,2023-06-23,"PHF receives Aikman’s salary cheque coach was disappointed over the treatment meted out to him by the PSB, which failed to pay his salaries."
www.dawn.com/sport,Sport,Interim assistant coach Witajewski thrust into firing line after India loss,1761207/interim-assistant-coach-witajewski-thrust-into-firing-line-after-india-loss,"says Witajewski's appointment is ""temporary as he has joined the team in Mauritius on a project basis"".",Updated,2023-06-23,"Interim assistant coach Witajewski thrust into firing line after India loss says Witajewski's appointment is ""temporary as he has joined the team in Mauritius on a project basis""."
www.dawn.com/sport,Sport,Zaka says won’t contest Asia Cup hybrid model,1761209/zaka-says-wont-contest-asia-cup-hybrid-model,the Sethi-led PCB should have demanded to host Asia Cup in its entirety instead of settling with the hybrid model.,Updated,2023-06-23,Zaka says won’t contest Asia Cup hybrid model the Sethi-led PCB should have demanded to host Asia Cup in its entirety instead of settling with the hybrid model.
www.dawn.com/sport,Sport,FIFA Council decides to extend PFF normalisation panel mandate until March next year,1761504/fifa-council-decides-to-extend-pff-normalisation-panel-mandate-until-march-next-year,faces government pressure to hold elections promptly.,Published,2023-06-24,FIFA Council decides to extend PFF normalisation panel mandate until March next year faces government pressure to hold elections promptly.
www.dawn.com/sport,Sport,BoG meeting to elect PCB chief on Tuesday,1761376/bog-meeting-to-elect-pcb-chief-on-tuesday,consideration of a gazetted holiday declared by the govt on June 28 due to Eidul Azha.,Updated,2023-06-24,BoG meeting to elect PCB chief on Tuesday consideration of a gazetted holiday declared by the govt on June 28 due to Eidul Azha.
www.dawn.com/sport,Sport,Faiza-Naheen duo claim badminton gold,1761379/faiza-naheen-duo-claim-badminton-gold,and Talha Asif secure the silver medal in the badminton men’s unified doubles event.,Published,2023-06-24,Faiza-Naheen duo claim badminton gold and Talha Asif secure the silver medal in the badminton men’s unified doubles event.
www.dawn.com/sport,Sport,Haris to lead Shaheens in ACC Emerging Asia Cup,1761385/haris-to-lead-shaheens-in-acc-emerging-asia-cup,"being held in Sri Lanka from July 14 to 23, featuring eight formidable teams vying for glory.",Updated,2023-06-24,"Haris to lead Shaheens in ACC Emerging Asia Cup being held in Sri Lanka from July 14 to 23, featuring eight formidable teams vying for glory."
www.dawn.com/sport,Sport,"Alcaraz sails into Queen’s Club quarters, Fritz knocked out",1761391/alcaraz-sails-into-queens-club-quarters-fritz-knocked-out,failsto reach her first WTA quarter-final in four years as she is beaten by Jelena Ostapenko.,Updated,2023-06-24,"Alcaraz sails into Queen’s Club quarters, Fritz knocked out failsto reach her first WTA quarter-final in four years as she is beaten by Jelena Ostapenko."
www.dawn.com/sport,Sport,Messi recalls ‘massive disappointment’ of PSG Champions League woes,1761678/messi-recalls-massive-disappointment-of-psg-champions-league-woes,"it was great, I received a lot of encouragement … but later on a part of the Parisian fanbase treated me differently,"" he says.",Published,2023-06-25,"Messi recalls ‘massive disappointment’ of PSG Champions League woes it was great, I received a lot of encouragement … but later on a part of the Parisian fanbase treated me differently,"" he says."
www.dawn.com/sport,Sport,Bezzecchi holds off Bagnaia in Dutch MotoGP sprint,1761532/bezzecchi-holds-off-bagnaia-in-dutch-motogp-sprint,what he termed an “unexpected” second place after a “disastrous” Friday practice.,Updated,2023-06-25,Bezzecchi holds off Bagnaia in Dutch MotoGP sprint what he termed an “unexpected” second place after a “disastrous” Friday practice.
www.dawn.com/sport,Sport,"Zimbabwe stun WI, Dutch knock Nepal out of World Cup qualifier",1761534/zimbabwe-stun-wi-dutch-knock-nepal-out-of-world-cup-qualifier,"that we were maybe 20-30 short of what would probably be a winning score,” says Ervine.",Updated,2023-06-25,"Zimbabwe stun WI, Dutch knock Nepal out of World Cup qualifier that we were maybe 20-30 short of what would probably be a winning score,” says Ervine."
www.dawn.com/sport,Sport,Pakistan suffer another hammering at SAFF Championship,1761536/pakistan-suffer-another-hammering-at-saff-championship,try to salvage some pride when they face Nepal in their final group game on Tuesday.,Published,2023-06-25,Pakistan suffer another hammering at SAFF Championship try to salvage some pride when they face Nepal in their final group game on Tuesday.
www.dawn.com/sport,Sport,Racing distances reduced due to hot weather,1761544/racing-distances-reduced-due-to-hot-weather,"reduces the distance of races, with five to be held over 800 metres and one over 1,000 metres.",Updated,2023-06-25,"Racing distances reduced due to hot weather reduces the distance of races, with five to be held over 800 metres and one over 1,000 metres."
www.dawn.com/sport,Sport,Thousands gather in Sydney as Women’s World Cup fever builds,1761734/thousands-gather-in-sydney-as-womens-world-cup-fever-builds,"4,000 braved chilly temperatures to take part in the event on Sydney Harbour Bridge.",Updated,2023-06-26,"Thousands gather in Sydney as Women’s World Cup fever builds 4,000 braved chilly temperatures to take part in the event on Sydney Harbour Bridge."
www.dawn.com/sport,Sport,Sri Lanka thrash Ireland in World Cup qualifying,1761736/sri-lanka-thrash-ireland-in-world-cup-qualifying,it three wins from three in Group B as they beat Oman by 76 runs.,Published,2023-06-26,Sri Lanka thrash Ireland in World Cup qualifying it three wins from three in Group B as they beat Oman by 76 runs.
www.dawn.com/sport,Sport,Safeer wins gold at Special Olympics,1761738/safeer-wins-gold-at-special-olympics,in 10 km time-trial cycling race; Pakistan misses out on another gold as Oman beat Pakistan 6-3 in futsal event final.,Published,2023-06-26,Safeer wins gold at Special Olympics in 10 km time-trial cycling race; Pakistan misses out on another gold as Oman beat Pakistan 6-3 in futsal event final.
www.dawn.com/sport,Sport,"Races disrupted at LRC due to windstorm, cloudburst",1761746/races-disrupted-at-lrc-due-to-windstorm-cloudburst,"by high-velocity windstorm, causing chaos as tents are uprooted and windowpanes shattered.",Updated,2023-06-26,"Races disrupted at LRC due to windstorm, cloudburst by high-velocity windstorm, causing chaos as tents are uprooted and windowpanes shattered."
www.dawn.com/sport,Sport,Pakistan to face India on Oct 15 as ICC unveils ODI World Cup schedule,1762007/pakistan-to-face-india-on-oct-15-as-icc-unveils-odi-world-cup-schedule,team would need govt clearance to proceed with their participation in the World Cup in India.,Updated,2023-06-27,Pakistan to face India on Oct 15 as ICC unveils ODI World Cup schedule team would need govt clearance to proceed with their participation in the World Cup in India.
www.dawn.com/sport,Sport,Injured Williamson not giving up on  World Cup,1761873/injured-williamson-not-giving-up-on-world-cup,is making progress.,Published,2023-06-27,Injured Williamson not giving up on  World Cup is making progress.
www.dawn.com/sport,Sport,ICC World Cup Trophy tour  starts today,1761874/icc-world-cup-trophy-tour-starts-today,is set to be held in India in October-November with the tournament’s schedule expected to be announced today.,Published,2023-06-27,ICC World Cup Trophy tour  starts today is set to be held in India in October-November with the tournament’s schedule expected to be announced today.
www.dawn.com/sport,Sport,"Dutch shock WI in super over, Zimbabwe demolish US",1761875/dutch-shock-wi-in-super-over-zimbabwe-demolish-us,"our momentum and we are looking forward to carrying it,” says Zimbabwe's Sean Williams.",Published,2023-06-27,"Dutch shock WI in super over, Zimbabwe demolish US our momentum and we are looking forward to carrying it,” says Zimbabwe's Sean Williams."
www.dawn.com/sport,Sport,Balochistan High Court stays PCB elections until further order,1761876/balochistan-high-court-stays-pcb-elections-until-further-order,new chairman were originally scheduled for today with Zaka Ashraf set for the hot seat.,Updated,2023-06-27,Balochistan High Court stays PCB elections until further order new chairman were originally scheduled for today with Zaka Ashraf set for the hot seat.
www.dawn.com/sport,Sport,"Mexico thrash Honduras in Gold Cup opener, Haiti stun Qatar",1761884/mexico-thrash-honduras-in-gold-cup-opener-haiti-stun-qatar,"happy for the faith in me from the players, the people and the directors. This is a new beginning,” Pineda says.",Updated,2023-06-27,"Mexico thrash Honduras in Gold Cup opener, Haiti stun Qatar happy for the faith in me from the players, the people and the directors. This is a new beginning,” Pineda says."
www.dawn.com/sport,Sport,Will team Pakistan travel to India for the World Cup?,1762149,"the government of Pakistan’s clearance for any tour to India,"" says board official.",Published,2023-06-28,"Will team Pakistan travel to India for the World Cup? the government of Pakistan’s clearance for any tour to India,"" says board official."
www.dawn.com/sport,Sport,More courts take issue with PCB chief’s election,1762152/more-courts-take-issue-with-pcb-chiefs-election,election schedule till next hearing.,Published,2023-06-28,More courts take issue with PCB chief’s election election schedule till next hearing.
www.dawn.com/sport,Sport,ECB apologises for discrimination following equity report,1762077/ecb-apologises-for-discrimination-following-equity-report,"celebrate diversity on all fronts, as without diversity it would not be the game it is today,"" says Ben Stokes.",Published,2023-06-28,"ECB apologises for discrimination following equity report celebrate diversity on all fronts, as without diversity it would not be the game it is today,"" says Ben Stokes."
www.dawn.com/sport,Sport,"Martinique edge El Salvador, Panama win in Gold Cup",1762079/martinique-edge-el-salvador-panama-win-in-gold-cup,in the first of three minutes of stoppage time on a give-and-go goal from a steep angle off the left foot of Aaron Suarez.,Published,2023-06-28,"Martinique edge El Salvador, Panama win in Gold Cup in the first of three minutes of stoppage time on a give-and-go goal from a steep angle off the left foot of Aaron Suarez."
www.dawn.com/sport,Sport,Pakistan athletes return home from Berlin with 80 medals,1762080/pakistan-athletes-return-home-from-berlin-with-80-medals,"11 gold, 29 silver and 40 bronze medals at the June 17-25 Games.",Updated,2023-06-28,"Pakistan athletes return home from Berlin with 80 medals 11 gold, 29 silver and 40 bronze medals at the June 17-25 Games."
www.dawn.com/sport,Sport,"Australia, NZ consider joint bid for 2029 Club World Cup",1762246/australia-nz-consider-joint-bid-for-2029-club-world-cup,"grow, over the years,” Football Australia chief Johnson says.",Published,2023-06-29,"Australia, NZ consider joint bid for 2029 Club World Cup grow, over the years,” Football Australia chief Johnson says."
www.dawn.com/sport,Sport,PHF announces hockey calendar for remaining half of 2023,1762249/phf-announces-hockey-calendar-for-remaining-half-of-2023,event during the year will be Pakistan’s participation in the Asian Champions Trophy being held in Chennai from Aug 3-12.,Published,2023-06-29,PHF announces hockey calendar for remaining half of 2023 event during the year will be Pakistan’s participation in the Asian Champions Trophy being held in Chennai from Aug 3-12.
www.dawn.com/sport,Sport,"Zimbabwe, SL target World Cup with West Indies in danger",1762252/zimbabwe-sl-target-world-cup-with-west-indies-in-danger,"from four group matches, Zimbabwe and Sri Lanka head into the decisive Super Six stage of the qualifiers.",Published,2023-06-29,"Zimbabwe, SL target World Cup with West Indies in danger from four group matches, Zimbabwe and Sri Lanka head into the decisive Super Six stage of the qualifiers."
www.dawn.com/sport,Sport,"Labuschagne, Smith tighten Australia’s grip on second Test",1762253/labuschagne-smith-tighten-australias-grip-on-second-test,when Tongue bowled David Warner for 66 with a superb delivery.,Published,2023-06-29,"Labuschagne, Smith tighten Australia’s grip on second Test when Tongue bowled David Warner for 66 with a superb delivery."
www.dawn.com/sport,Sport,"Wimbledon braced for Ukraine, Russia cold front",1762254/wimbledon-braced-for-ukraine-russia-cold-front,from the conflict will likely be reflected in the tranquil surroundings of the All England Club.,Published,2023-06-29,"Wimbledon braced for Ukraine, Russia cold front from the conflict will likely be reflected in the tranquil surroundings of the All England Club."
www.dawn.com/sport,Sport,IPC Ministry asks AGP to audit Management Committee affairs,1762256/ipc-ministry-asks-agp-to-audit-management-committee-affairs,some elements trying to scandalise the matter.,Published,2023-06-29,IPC Ministry asks AGP to audit Management Committee affairs some elements trying to scandalise the matter.
www.dawn.com/sport,Sport,"PCB chairman’s post has become a joke, says former chief Khalid Mehmood",1762255,"not good and it should be solved immediately in order to put the PCB affairs back on the right track,” he says.",Published,2023-06-30,"PCB chairman’s post has become a joke, says former chief Khalid Mehmood not good and it should be solved immediately in order to put the PCB affairs back on the right track,” he says."
www.dawn.com/sport,Sport,West Indies miss out on Cricket World Cup for first time after Scotland loss,1762407/west-indies-miss-out-on-cricket-world-cup-for-first-time-after-scotland-loss,to 7-wicket thumping by Scotland at qualifying event.,Published,2023-07-01,West Indies miss out on Cricket World Cup for first time after Scotland loss to 7-wicket thumping by Scotland at qualifying event.
www.dawn.com/sport,Sport,Former Australia captain Allan Border says he has Parkinson’s disease,1762389/former-australia-captain-allan-border-says-he-has-parkinsons-disease,says it would be a “miracle” if he lives to be 80.,Published,2023-07-01,Former Australia captain Allan Border says he has Parkinson’s disease says it would be a “miracle” if he lives to be 80.
