text-3 href,text-3,story__link,story__link href,story__excerpt,timestamp--label,timestamp--time,Concatenate
www.dawn.com/world,World,Dozens of US lawmakers urge Biden to raise rights issues with Modi,1760818/dozens-of-us-lawmakers-urge-biden-to-raise-rights-issues-with-modi,"of Congress, including 18 senators and 57 members of the House of Representatives, sign letter sent to White House.",Updated,2023-06-20,"Dozens of US lawmakers urge Biden to raise rights issues with Modi of Congress, including 18 senators and 57 members of the House of Representatives, sign letter sent to White House."
www.dawn.com/world,World,Paris air show: India centre stage as another big jet deal lands,1760814/paris-air-show-india-centre-stage-as-another-big-jet-deal-lands,concern that airlines could be over-ordering jets in pursuit of the same passengers.,Published,2023-06-20,Paris air show: India centre stage as another big jet deal lands concern that airlines could be over-ordering jets in pursuit of the same passengers.
www.dawn.com/world,World,West Bank toll rises with deaths of two Palestinians,1760791/west-bank-toll-rises-with-deaths-of-two-palestinians,"six the number of Palestinians killed in Monday's hours-long raid by Israeli troops, which left over 90 wounded.",Published,2023-06-20,"West Bank toll rises with deaths of two Palestinians six the number of Palestinians killed in Monday's hours-long raid by Israeli troops, which left over 90 wounded."
www.dawn.com/world,World,PM Shehbaz to leave for 2-day visit to France on Thursday,1760782/pm-shehbaz-to-leave-for-2-day-visit-to-france-on-thursday,PM will participate in New Global Financing Pact Summit taking place in Paris.,Published,2023-06-20,PM Shehbaz to leave for 2-day visit to France on Thursday PM will participate in New Global Financing Pact Summit taking place in Paris.
www.dawn.com/world,World,Modi says criticism of India’s stance on Russia not widespread in US,1760775/modi-says-criticism-of-indias-stance-on-russia-not-widespread-in-us,refused to condemn its old ally Russia for the war in Ukraine and has increased its trade with Moscow to record levels.,Published,2023-06-20,Modi says criticism of India’s stance on Russia not widespread in US refused to condemn its old ally Russia for the war in Ukraine and has increased its trade with Moscow to record levels.
www.dawn.com/world,World,Pakistan urges Taliban to review ban on women,1760740/pakistan-urges-taliban-to-review-ban-on-women,"Afghan rulers’ treatment of women is ""gender apartheid"".",Updated,2023-06-20,"Pakistan urges Taliban to review ban on women Afghan rulers’ treatment of women is ""gender apartheid""."
www.dawn.com/world,World,Trump’s lawyers ordered not to release documents,1760742/trumps-lawyers-ordered-not-to-release-documents,puts strict conditions on Trump’s access to the classified materials.,Published,2023-06-20,Trump’s lawyers ordered not to release documents puts strict conditions on Trump’s access to the classified materials.
www.dawn.com/world,World,"Sudan spiralling into destruction, says UN chief",1760744/sudan-spiralling-into-destruction-says-un-chief,worried that the crisis could spill over and destabilise neighbouring African states.,Published,2023-06-20,"Sudan spiralling into destruction, says UN chief worried that the crisis could spill over and destabilise neighbouring African states."
www.dawn.com/world,World,Versailles reopening Marie-Antoinette’s private rooms,1760746/versailles-reopening-marie-antoinettes-private-rooms,"of a restoration of the Queen’s Hamlet and Trianon, a series of cottages and getaways built away from the main palace.",Published,2023-06-20,"Versailles reopening Marie-Antoinette’s private rooms of a restoration of the Queen’s Hamlet and Trianon, a series of cottages and getaways built away from the main palace."
www.dawn.com/world,World,"If grain deal ends, UN pledge on Russian exports ‘will go on’",1760747/if-grain-deal-ends-un-pledge-on-russian-exports-will-go-on,barring access to prisoners of war handed over by Russia.,Updated,2023-06-20,"If grain deal ends, UN pledge on Russian exports ‘will go on’ barring access to prisoners of war handed over by Russia."
www.dawn.com/world,World,UN adopts high seas treaty after marathon talks,1760750/un-adopts-high-seas-treaty-after-marathon-talks,protect ecosystems vital to humanity.,Published,2023-06-20,UN adopts high seas treaty after marathon talks protect ecosystems vital to humanity.
www.dawn.com/world,World,"Europe is fastest warming continent, says study",1760753/europe-is-fastest-warming-continent-says-study,"year was the hottest on record and caused thousands of deaths, scientists confirm.",Published,2023-06-20,"Europe is fastest warming continent, says study year was the hottest on record and caused thousands of deaths, scientists confirm."
www.dawn.com/world,World,If China and US normalise ties,1760709/if-china-and-us-normalise-ties,Bill Gates was accorded a meeting with Xi a day before Blinken’s arrival may indicate the side the bread is buttered for Sino-US ties.,Updated,2023-06-20,If China and US normalise ties Bill Gates was accorded a meeting with Xi a day before Blinken’s arrival may indicate the side the bread is buttered for Sino-US ties.
www.dawn.com/world,World,One dead as Israeli settlers attack Palestinian villages,1760986/one-dead-as-israeli-settlers-attack-palestinian-villages,"which have diplomatic relations with Israel, condemn the attacks on Palestinians in the West Bank.",Updated,2023-06-21,"One dead as Israeli settlers attack Palestinian villages which have diplomatic relations with Israel, condemn the attacks on Palestinians in the West Bank."
www.dawn.com/world,World,Over 30 feared dead as dinghy bound for Spain’s Canary Islands sinks,1760981/over-30-feared-dead-as-dinghy-bound-for-spains-canary-islands-sinks,Borders and Alarm Phone say the dinghy was originally carrying 59 people.,Published,2023-06-21,Over 30 feared dead as dinghy bound for Spain’s Canary Islands sinks Borders and Alarm Phone say the dinghy was originally carrying 59 people.
www.dawn.com/world,World,Crematorium fills up as heatwave scorches northern Indian town,1760972/crematorium-fills-up-as-heatwave-scorches-northern-indian-town,Yogi Adityanath directs officials to avoid unnecessary power cuts and buy additional power if needed.,Published,2023-06-21,Crematorium fills up as heatwave scorches northern Indian town Yogi Adityanath directs officials to avoid unnecessary power cuts and buy additional power if needed.
www.dawn.com/world,World,China lashes back as Biden labels Xi a ‘dictator’,1760951/china-lashes-back-as-biden-labels-xi-a-dictator,"spy balloon incident, Biden says Xi ""got very upset"" as ""he didn't know it was there""; China terms remarks absurd and a provocation.",Updated,2023-06-21,"China lashes back as Biden labels Xi a ‘dictator’ spy balloon incident, Biden says Xi ""got very upset"" as ""he didn't know it was there""; China terms remarks absurd and a provocation."
www.dawn.com/world,World,Influencer Andrew Tate indicted in Romania for trafficking women,1760922/influencer-andrew-tate-indicted-in-romania-for-trafficking-women,also charged with raping one of the victims.,Updated,2023-06-21,Influencer Andrew Tate indicted in Romania for trafficking women also charged with raping one of the victims.
www.dawn.com/world,World,Himalayan glaciers melting 65pc faster than last decade: study,1760923/himalayan-glaciers-melting-65pc-faster-than-last-decade-study,"than mid-1800s; based on current emissions trajectories, glaciers could lose up to 80pc of their volume by end of century.",Published,2023-06-21,"Himalayan glaciers melting 65pc faster than last decade: study than mid-1800s; based on current emissions trajectories, glaciers could lose up to 80pc of their volume by end of century."
www.dawn.com/world,World,White House urged to hold ‘meaningful talks’ with Modi,1760924/white-house-urged-to-hold-meaningful-talks-with-modi,"that under Modi, “respect for civil and political rights has markedly deteriorated"".",Updated,2023-06-21,"White House urged to hold ‘meaningful talks’ with Modi that under Modi, “respect for civil and political rights has markedly deteriorated""."
www.dawn.com/world,World,Istanbul’s ancient shoreline gets ultramodern museum,1760925/istanbuls-ancient-shoreline-gets-ultramodern-museum,"by the glittering waters and light reflections of the Bosphorus, architect Renzo Piano says.",Updated,2023-06-21,"Istanbul’s ancient shoreline gets ultramodern museum by the glittering waters and light reflections of the Bosphorus, architect Renzo Piano says."
www.dawn.com/world,World,"Biden’s son reaches plea deal on gun, tax charges",1760929/bidens-son-reaches-plea-deal-on-gun-tax-charges,"face any prison time for not paying over $100,000 in taxes; appears to be the first child of a sitting president to be indicted.",Updated,2023-06-21,"Biden’s son reaches plea deal on gun, tax charges face any prison time for not paying over $100,000 in taxes; appears to be the first child of a sitting president to be indicted."
www.dawn.com/world,World,Four shot dead near West Bank,1760896/four-shot-dead-near-west-bank,in the attack at a petrol station.,Updated,2023-06-21,Four shot dead near West Bank in the attack at a petrol station.
www.dawn.com/world,World,French World Cup winner N’Golo Kante joins Saudi champions Al Ittihad,1761116/french-world-cup-winner-ngolo-kante-joins-saudi-champions-al-ittihad,"a three-year deal with Al Ittihad; will wear the number seven shirt, which he also donned at Chelsea.",Published,2023-06-22,"French World Cup winner N’Golo Kante joins Saudi champions Al Ittihad a three-year deal with Al Ittihad; will wear the number seven shirt, which he also donned at Chelsea."
www.dawn.com/world,World,Restaurant explosion kills 31 in northwest China,1761115/restaurant-explosion-kills-31-in-northwest-china,"restaurant’s owner, shareholders and staff held; 7 others injured, with one in critical condition.",Published,2023-06-22,"Restaurant explosion kills 31 in northwest China restaurant’s owner, shareholders and staff held; 7 others injured, with one in critical condition."
www.dawn.com/world,World,"Stonehenge-like 4,000-year-old sanctuary discovered in Netherlands",1761095/stonehenge-like-4000-year-old-sanctuary-discovered-in-netherlands,"stone circle in southern England, the sanctuary was built to align with the sun on the solstices.",Published,2023-06-22,"Stonehenge-like 4,000-year-old sanctuary discovered in Netherlands stone circle in southern England, the sanctuary was built to align with the sun on the solstices."
www.dawn.com/world,World,Nobel-winning economist calls for climate tax as carbon costs lives,1761096/nobel-winning-economist-calls-for-climate-tax-as-carbon-costs-lives,"result in 73 more deaths per 100,000 people by the end of the century, says economist Esther Duflo.",Published,2023-06-22,"Nobel-winning economist calls for climate tax as carbon costs lives result in 73 more deaths per 100,000 people by the end of the century, says economist Esther Duflo."
www.dawn.com/world,World,Mastercard launches global plan to  recycle credit cards,1761097/mastercard-launches-global-plan-to-recycle-credit-cards,"which will run for an initial six months, will allow customers to recycle any plastic card, including those from rivals.",Published,2023-06-22,"Mastercard launches global plan to  recycle credit cards which will run for an initial six months, will allow customers to recycle any plastic card, including those from rivals."
www.dawn.com/world,World,UK probes report of varsities working with Iran,1761098/uk-probes-report-of-varsities-working-with-iran,"accept collaborations which compromise our national security,"" Prime Minister Rishi Sunak says.",Updated,2023-06-22,"UK probes report of varsities working with Iran accept collaborations which compromise our national security,"" Prime Minister Rishi Sunak says."
www.dawn.com/world,World,Amazon accused of ‘duping millions’  of consumers,1761100/amazon-accused-of-duping-millions-of-consumers,Comm­ission alleges company has “knowingly duped millions of consumers into unknowingly enrolling in Amazon Prime”.,Published,2023-06-22,Amazon accused of ‘duping millions’  of consumers Comm­ission alleges company has “knowingly duped millions of consumers into unknowingly enrolling in Amazon Prime”.
www.dawn.com/world,World,4 badly injured as Paris blast destroys two buildings,1761103/4-badly-injured-as-paris-blast-destroys-two-buildings,the blast has not yet been determined.,Updated,2023-06-22,4 badly injured as Paris blast destroys two buildings the blast has not yet been determined.
www.dawn.com/world,World,"Pakistan won’t be pushed to choose between China, US: Khar",1761069/pakistan-wont-be-pushed-to-choose-between-china-us-khar,"of world into two blocs ""threatening"" for Islamabad.",Updated,2023-06-22,"Pakistan won’t be pushed to choose between China, US: Khar of world into two blocs ""threatening"" for Islamabad."
www.dawn.com/world,World,Millions head to Makkah for huge Haj in Saudi heat,1761319/millions-head-to-makkah-for-huge-haj-in-saudi-heat,"— one of the world’s biggest annual religious gatherings — could break attendance records, officials said.",Updated,2023-06-28,"Millions head to Makkah for huge Haj in Saudi heat — one of the world’s biggest annual religious gatherings — could break attendance records, officials said."
www.dawn.com/world,World,"‘Misleading, unwarranted’: Pakistan says US-India statement contrary to diplomatic norms",1761314/misleading-unwarranted-pakistan-says-us-india-statement-contrary-to-diplomatic-norms,"Biden should consider facts before feting ""butcher of Gujarat""; FM Bilawal stresses major powers should not make the issue of terrorism a victim of geopolitics.",Updated,2023-06-23,"‘Misleading, unwarranted’: Pakistan says US-India statement contrary to diplomatic norms Biden should consider facts before feting ""butcher of Gujarat""; FM Bilawal stresses major powers should not make the issue of terrorism a victim of geopolitics."
www.dawn.com/world,World,West Bank violence could spiral ‘out of control’: UN,1761313/west-bank-violence-could-spiral-out-of-control-un,new outposts amid rising West Bank violence,Updated,2023-06-23,West Bank violence could spiral ‘out of control’: UN new outposts amid rising West Bank violence
www.dawn.com/world,World,Beijing sizzles with hot weather alert at highest level,1761307/beijing-sizzles-with-hot-weather-alert-at-highest-level,"""red"" a day after max temperature in Beijing breaches 41C, shattering record for the hottest day in June.",Published,2023-06-23,"Beijing sizzles with hot weather alert at highest level ""red"" a day after max temperature in Beijing breaches 41C, shattering record for the hottest day in June."
www.dawn.com/world,World,Relatives mourn Titanic sub deaths after ‘catastrophic implosion’,1761295/relatives-mourn-titanic-sub-deaths-after-catastrophic-implosion,says debris found on seafloor consistent with implosion of sub’s pressure chamber.,Updated,2023-06-23,Relatives mourn Titanic sub deaths after ‘catastrophic implosion’ says debris found on seafloor consistent with implosion of sub’s pressure chamber.
www.dawn.com/world,World,"US, India call on Pakistan to act against militants who target New Delhi",1761253,"statement, Biden and Modi also strongly condemn cross-border terrorism.",Published,2023-06-23,"US, India call on Pakistan to act against militants who target New Delhi statement, Biden and Modi also strongly condemn cross-border terrorism."
www.dawn.com/world,World,Staged online videos feed Islamophobia in India,1761243/staged-online-videos-feed-islamophobia-in-india,"impact their work may have, the video-makers say the clips are just meant as “entertainment” — and to make money.",Updated,2023-06-23,"Staged online videos feed Islamophobia in India impact their work may have, the video-makers say the clips are just meant as “entertainment” — and to make money."
www.dawn.com/world,World,Obama warns India risks ‘pulling apart’ without minority rights,1761252/obama-warns-india-risks-pulling-apart-without-minority-rights,from entering the US during much of Obama’s administration over 2002 religious riots in Gujrat.,Updated,2023-06-23,Obama warns India risks ‘pulling apart’ without minority rights from entering the US during much of Obama’s administration over 2002 religious riots in Gujrat.
www.dawn.com/world,World,Four boats with 227 migrants rescued in Canary Islands,1761255/four-boats-with-227-migrants-rescued-in-canary-islands,"a migrant camp says they have received around 1,000 new arrivals in the past few days, compared with 100 in the same period last year.",Updated,2023-06-23,"Four boats with 227 migrants rescued in Canary Islands a migrant camp says they have received around 1,000 new arrivals in the past few days, compared with 100 in the same period last year."
www.dawn.com/world,World,1.1m incidents of theft reported at UK convenience stores in year,1761259/11m-incidents-of-theft-reported-at-uk-convenience-stores-in-year,high inflation and soaring household energy prices has seen the cost of living ramp up.,Updated,2023-06-23,1.1m incidents of theft reported at UK convenience stores in year high inflation and soaring household energy prices has seen the cost of living ramp up.
www.dawn.com/world,World,Sudan warring parties trade blame as fighting rages,1761265/sudan-warring-parties-trade-blame-as-fighting-rages,of “taking advantage of the truce to mobilise its forces while RSF accuses army of fabricating a video of a rape attack.,Updated,2023-06-23,Sudan warring parties trade blame as fighting rages of “taking advantage of the truce to mobilise its forces while RSF accuses army of fabricating a video of a rape attack.
www.dawn.com/world,World,Olympic chief criticises Ukraine for ‘sanctioning’ own athletes,1761195/olympic-chief-criticises-ukraine-for-sanctioning-own-athletes,"added, is yet to make a decision on whether Russians can take part in next year’s Paris Olympics.",Updated,2023-06-23,"Olympic chief criticises Ukraine for ‘sanctioning’ own athletes added, is yet to make a decision on whether Russians can take part in next year’s Paris Olympics."
www.dawn.com/world,World,BoE delivers 13th rate hike,1761218/boe-delivers-13th-rate-hike,lifts its key interest rate by a half-point to 5pc; Turkiye doubles lending cost in Erdogan policy U-turn.,Published,2023-06-23,BoE delivers 13th rate hike lifts its key interest rate by a half-point to 5pc; Turkiye doubles lending cost in Erdogan policy U-turn.
www.dawn.com/world,World,"WB, IMF take steps to boost crisis financing",1761219/wb-imf-take-steps-to-boost-crisis-financing,"“international financial architecture has failed in its mission to provide a global safety net for developing countries"".",Updated,2023-06-23,"WB, IMF take steps to boost crisis financing “international financial architecture has failed in its mission to provide a global safety net for developing countries""."
www.dawn.com/world,World,Beijing fumes as Biden still hopeful of meeting Xi,1761249/beijing-fumes-as-biden-still-hopeful-of-meeting-xi,Washington warns White House to undo damage from president’s remarks.,Updated,2023-06-23,Beijing fumes as Biden still hopeful of meeting Xi Washington warns White House to undo damage from president’s remarks.
www.dawn.com/world,World,PM Shehbaz presses West to be ‘fair’ to needy countries,1761261/pm-shehbaz-presses-west-to-be-fair-to-needy-countries,"loans, not aid, while billions spent defending other nations.",Updated,2023-06-23,"PM Shehbaz presses West to be ‘fair’ to needy countries loans, not aid, while billions spent defending other nations."
www.dawn.com/world,World,Canadian safety regulators open probe into fatal loss of Titan submersible,1761528/canadian-safety-regulators-open-probe-into-fatal-loss-of-titan-submersible,"to St John’s, Newfoundland, about 400 miles north of the accident site, to gather information and conduct interviews,",Updated,2023-06-24,"Canadian safety regulators open probe into fatal loss of Titan submersible to St John’s, Newfoundland, about 400 miles north of the accident site, to gather information and conduct interviews,"
www.dawn.com/world,World,Stepson of Titanic submersible victim engages in heated online argument with rapper Cardi B,https://images.dawn.com/news/1191880/stepson-of-titanic-submersible-victim-engages-in-heated-online-argument-with-rapper-cardi-b,bashed by people online for his choice to attend a Blink-182 concert the same day the submersible carrying his stepfather lost contact.,Published,2023-06-24,Stepson of Titanic submersible victim engages in heated online argument with rapper Cardi B bashed by people online for his choice to attend a Blink-182 concert the same day the submersible carrying his stepfather lost contact.
www.dawn.com/world,World,Cathay Pacific flight incident injures 11 in Hong Kong,1761505/cathay-pacific-flight-incident-injures-11-in-hong-kong,"a precautionary evacuation when passengers exited the aircraft using five door-escape slides, airline says.",Published,2023-06-24,"Cathay Pacific flight incident injures 11 in Hong Kong a precautionary evacuation when passengers exited the aircraft using five door-escape slides, airline says."
www.dawn.com/world,World,No evidence Covid created in Chinese lab: US intelligence,1761503/no-evidence-covid-created-in-chinese-lab-us-intelligence,"agencies assess that Covid-19 was not laboratory-adapted,"" says report.",Published,2023-06-24,"No evidence Covid created in Chinese lab: US intelligence agencies assess that Covid-19 was not laboratory-adapted,"" says report."
www.dawn.com/world,World,"India one of the most dangerous countries for media, say press advocacy groups",1761465,"Post ad, they remind Biden “press freedom is under increasing threat” in India; IPI advises Biden to “raise critical issues"".",Published,2023-06-24,"India one of the most dangerous countries for media, say press advocacy groups Post ad, they remind Biden “press freedom is under increasing threat” in India; IPI advises Biden to “raise critical issues""."
www.dawn.com/world,World,"Rebel Russian mercenaries will turn back to avoid bloodshed, leader says",1761498/rebel-russian-mercenaries-will-turn-back-to-avoid-bloodshed-leader-says,Lukashenko brokers deal to halt further movement of Wagner fighters across Russia in return for guarantees of safety.,Updated,2023-06-24,"Rebel Russian mercenaries will turn back to avoid bloodshed, leader says Lukashenko brokers deal to halt further movement of Wagner fighters across Russia in return for guarantees of safety."
www.dawn.com/world,World,Titanic sub tragedy: Outpouring of grief for Dawood family scions,1761408,is mourning Sha­hzada Dawood and his son Suleman “with heavy hearts and great sadness”.,Published,2023-06-24,Titanic sub tragedy: Outpouring of grief for Dawood family scions is mourning Sha­hzada Dawood and his son Suleman “with heavy hearts and great sadness”.
www.dawn.com/world,World,Why investor Jay Bloom turned down seats on doomed sub,1761464/why-investor-jay-bloom-turned-down-seats-on-doomed-sub,declined a last-minute chance to join the season’s final expedition as he grew concerned about how safe it was.,Updated,2023-06-24,Why investor Jay Bloom turned down seats on doomed sub declined a last-minute chance to join the season’s final expedition as he grew concerned about how safe it was.
www.dawn.com/world,World,Meta to block news in Canada after new law,1761466/meta-to-block-news-in-canada-after-new-law,month slammed Meta for being “deeply irresponsible and out of touch” for refusing to pay journalists for their work.,Updated,2023-06-24,Meta to block news in Canada after new law month slammed Meta for being “deeply irresponsible and out of touch” for refusing to pay journalists for their work.
www.dawn.com/world,World,Taliban letter reinforces bar on women aid workers,1761470/taliban-letter-reinforces-bar-on-women-aid-workers,"agencies have been in violation of the orders in work related to refugees in Spin Boldak, a town near the border with Pakistan.",Updated,2023-06-24,"Taliban letter reinforces bar on women aid workers agencies have been in violation of the orders in work related to refugees in Spin Boldak, a town near the border with Pakistan."
www.dawn.com/world,World,Asia heatwaves put renewable power fleet to test,1761448/asia-heatwaves-put-renewable-power-fleet-to-test,"power tariffs during day, when solar power is available, and increase them during peak night hours from April 2024.",Updated,2023-06-24,"Asia heatwaves put renewable power fleet to test power tariffs during day, when solar power is available, and increase them during peak night hours from April 2024."
www.dawn.com/world,World,‘Obsessed’ Pakistani man jailed in UK for woman’s murder,1761460/obsessed-pakistani-man-jailed-in-uk-for-womans-murder,Muhammad Arslan admitted to manslaughter but denied the charge of murder.,Published,2023-06-24,‘Obsessed’ Pakistani man jailed in UK for woman’s murder Muhammad Arslan admitted to manslaughter but denied the charge of murder.
www.dawn.com/world,World,PM Shehbaz flies to London as Nawaz leaves for Gulf trip,1761461/pm-shehbaz-flies-to-london-as-nawaz-leaves-for-gulf-trip,in London over the weekend after his trip to Paris.,Updated,2023-06-24,PM Shehbaz flies to London as Nawaz leaves for Gulf trip in London over the weekend after his trip to Paris.
www.dawn.com/world,World,West ‘pledges’ $200bn for climate fight,1761406/west-pledges-200bn-for-climate-fight,World Bank and IMF were increasingly ill-suited for tackling the most pressing challenges and needed a broad revamp.,Updated,2023-06-24,West ‘pledges’ $200bn for climate fight World Bank and IMF were increasingly ill-suited for tackling the most pressing challenges and needed a broad revamp.
www.dawn.com/world,World,Modi ‘in denial’ over intolerance in India,1761410/modi-in-denial-over-intolerance-in-india,"a black-hole for religious minorities,"" says Hindutva Watch founder.",Published,2023-06-24,"Modi ‘in denial’ over intolerance in India a black-hole for religious minorities,"" says Hindutva Watch founder."
www.dawn.com/world,World,"US-India statement dangles FATF sword over Pakistan, again",1761411/us-india-statement-dangles-fatf-sword-over-pakistan-again,of Indian-influenced ‘designations’ to press Islamabad into action.,Published,2023-06-24,"US-India statement dangles FATF sword over Pakistan, again of Indian-influenced ‘designations’ to press Islamabad into action."
www.dawn.com/world,World,"World must right itself amid economic, climate crises: PM",1761413/world-must-right-itself-amid-economic-climate-crises-pm,"global financial architecture to make it pro-growth; Asks overseas citizens to expose ""anti-Pakistan propaganda"".",Published,2023-06-24,"World must right itself amid economic, climate crises: PM global financial architecture to make it pro-growth; Asks overseas citizens to expose ""anti-Pakistan propaganda""."
www.dawn.com/world,World,Indian govt orders Manipur state chief to ‘work harder’ to end ethnic violence,1761682/indian-govt-orders-manipur-state-chief-to-work-harder-to-end-ethnic-violence,the state’s internet ban for five more days until June 30.,Published,2023-06-25,Indian govt orders Manipur state chief to ‘work harder’ to end ethnic violence the state’s internet ban for five more days until June 30.
www.dawn.com/world,World,Afghan supreme leader claims women ‘saved from oppression’ by Taliban,1761677/afghan-supreme-leader-claims-women-saved-from-oppression-by-taliban,"of women and girls in Afghanistan ""was among the worst in the world"".",Published,2023-06-25,"Afghan supreme leader claims women ‘saved from oppression’ by Taliban of women and girls in Afghanistan ""was among the worst in the world""."
www.dawn.com/world,World,Huge crowds circle Kaaba as Haj begins in Saudi heat,1761675/huge-crowds-circle-kaaba-as-haj-begins-in-saudi-heat,"will witness the largest Haj pilgrimage in history"" with the number exceeding 2.5m pilgrims, predicts Saudi official.",Updated,2023-06-28,"Huge crowds circle Kaaba as Haj begins in Saudi heat will witness the largest Haj pilgrimage in history"" with the number exceeding 2.5m pilgrims, predicts Saudi official."
www.dawn.com/world,World,Rebel Russian mercenaries return to base under deal ending advance on Moscow,1761664/rebel-russian-mercenaries-return-to-base-under-deal-ending-advance-on-moscow,Peskov says a criminal case opened against Prigozhin for armed mutiny would be dropped.,Updated,2023-06-25,Rebel Russian mercenaries return to base under deal ending advance on Moscow Peskov says a criminal case opened against Prigozhin for armed mutiny would be dropped.
www.dawn.com/world,World,It is clear that Europe has very little appetite to help or claim responsibility for migrants arriving at its shores,1761646,blame for this senseless loss of life at sea?,Published,2023-06-25,It is clear that Europe has very little appetite to help or claim responsibility for migrants arriving at its shores blame for this senseless loss of life at sea?
www.dawn.com/world,World,World watches as Putin’s aide turns against former master,1761627/world-watches-as-putins-aide-turns-against-former-master,"""concerned""; Belarus says Moscow’s internal rifts ""gift for West""; Iran, Turkiye back Russia.",Updated,2023-06-25,"World watches as Putin’s aide turns against former master ""concerned""; Belarus says Moscow’s internal rifts ""gift for West""; Iran, Turkiye back Russia."
www.dawn.com/world,World,US firms pump money in India as Biden eyes geopolitical goals,1761629/us-firms-pump-money-in-india-as-biden-eyes-geopolitical-goals,are the latest companies to announce massive investment plans in India.,Updated,2023-06-25,US firms pump money in India as Biden eyes geopolitical goals are the latest companies to announce massive investment plans in India.
www.dawn.com/world,World,"West Bank violence persists with Israeli, Palestinian attacks",1761609/west-bank-violence-persists-with-israeli-palestinian-attacks,"those killed this week reaches 16 Palestinians, 4 Israelis; ambulance stoned by Israeli settlers, Palestinian ministry says.",Updated,2023-06-25,"West Bank violence persists with Israeli, Palestinian attacks those killed this week reaches 16 Palestinians, 4 Israelis; ambulance stoned by Israeli settlers, Palestinian ministry says."
www.dawn.com/world,World,Bangladesh arrests chief of militant outfit,1761612/bangladesh-arrests-chief-of-militant-outfit,"of Jamaat al Ansar fil Hindal Sharqiya, is accused of helping to run militant training camps.",Published,2023-06-25,"Bangladesh arrests chief of militant outfit of Jamaat al Ansar fil Hindal Sharqiya, is accused of helping to run militant training camps."
www.dawn.com/world,World,Environmental activists protest at Dutch Tata Steel plant,1761615/environmental-activists-protest-at-dutch-tata-steel-plant,is the largest emitter of planet-heating carbon dioxide in the country.,Updated,2023-06-25,Environmental activists protest at Dutch Tata Steel plant is the largest emitter of planet-heating carbon dioxide in the country.
www.dawn.com/world,World,Biden vows to fight Republicans’ ‘extreme’ anti-abortion agenda,1761616/biden-vows-to-fight-republicans-extreme-anti-abortion-agenda,"extreme, dangerous, and out-of-step with the vast majority of Americans,"" Biden says.",Updated,2023-06-25,"Biden vows to fight Republicans’ ‘extreme’ anti-abortion agenda extreme, dangerous, and out-of-step with the vast majority of Americans,"" Biden says."
www.dawn.com/world,World,Paris climate summit gives fresh impetus to financial reforms,1761617/paris-climate-summit-gives-fresh-impetus-to-financial-reforms,"in that it delivered a roadmap requiring specific actions by specific dates, some observers note.",Updated,2023-06-25,"Paris climate summit gives fresh impetus to financial reforms in that it delivered a roadmap requiring specific actions by specific dates, some observers note."
www.dawn.com/world,World,"Aramco, TotalEnergies sign $11bn deal",1761618/aramco-totalenergies-sign-11bn-deal,start building an $11bn petrochemicals facility in the Gulf kingdom.,Updated,2023-06-25,"Aramco, TotalEnergies sign $11bn deal start building an $11bn petrochemicals facility in the Gulf kingdom."
www.dawn.com/world,World,Pakistan’s wheat yield may decline 16pc due to climate change,1761619/pakistans-wheat-yield-may-decline-16pc-due-to-climate-change,lower global wheat production by 1.9pc by mid-century.,Updated,2023-06-25,Pakistan’s wheat yield may decline 16pc due to climate change lower global wheat production by 1.9pc by mid-century.
www.dawn.com/world,World,Calls for probe into Indian soldiers allegedly forcing villagers to chant ‘Jai Shri Ram’ in occupied Kashmir mosque,1761862/calls-for-probe-into-indian-soldiers-allegedly-forcing-villagers-to-chant-jai-shri-ram-in-occupied-kashmir-mosque,"terms reported incident ""simply an act of provocation"".",Updated,2023-06-26,"Calls for probe into Indian soldiers allegedly forcing villagers to chant ‘Jai Shri Ram’ in occupied Kashmir mosque terms reported incident ""simply an act of provocation""."
www.dawn.com/world,World,Huge crowds swarm from Makkah for Haj climax,1761864/huge-crowds-swarm-from-makkah-for-haj-climax,this year’s Haj could be the biggest in history.,Published,2023-06-26,Huge crowds swarm from Makkah for Haj climax this year’s Haj could be the biggest in history.
www.dawn.com/world,World,"At least 3 dead, dozens of homes damaged after storms hit US Midwest, South",1761859/at-least-3-dead-dozens-of-homes-damaged-after-storms-hit-us-midwest-south,"it’s kind of widespread,” says Emergency Management Director Cameron Wolf.",Published,2023-06-26,"At least 3 dead, dozens of homes damaged after storms hit US Midwest, South it’s kind of widespread,” says Emergency Management Director Cameron Wolf."
www.dawn.com/world,World,Barcelona confirm Ilkay Gundogan signing from Manchester City,1761843/barcelona-confirm-ilkay-gundogan-signing-from-manchester-city,first signing Pep Guardiola made after arriving at Manchester City.,Published,2023-06-26,Barcelona confirm Ilkay Gundogan signing from Manchester City first signing Pep Guardiola made after arriving at Manchester City.
www.dawn.com/world,World,Indian minister scoffs at Obama comment on protecting Muslims,1761838/indian-minister-scoffs-at-obama-comment-on-protecting-muslims,"on Indian Muslims … having bombed Muslim-majority countries during his presidency,” says India's finance minister.",Published,2023-06-26,"Indian minister scoffs at Obama comment on protecting Muslims on Indian Muslims … having bombed Muslim-majority countries during his presidency,” says India's finance minister."
www.dawn.com/world,World,"‘We didn’t want to overthrow govt,’ says mercenary leader Prigozhin in first comments since Russian mutiny",1761834/we-didnt-want-to-overthrow-govt-says-mercenary-leader-prigozhin-in-first-comments-since-russian-mutiny,"at registering protest over Russia's ineffectual conduct of war in Ukraine, he says.",Updated,2023-06-26,"‘We didn’t want to overthrow govt,’ says mercenary leader Prigozhin in first comments since Russian mutiny at registering protest over Russia's ineffectual conduct of war in Ukraine, he says."
www.dawn.com/world,World,US Coast Guard launches probe into Titanic sub tragedy,1761833/us-coast-guard-launches-probe-into-titanic-sub-tragedy,"created a marine board of investigation, its highest level of probe.",Published,2023-06-26,"US Coast Guard launches probe into Titanic sub tragedy created a marine board of investigation, its highest level of probe."
www.dawn.com/world,World,Why Modi’s US visit should leave Pakistan introspective,1761765,lost if it doesn’t marry economic policy with foreign policy and geopolitical realities.,Updated,2023-06-26,Why Modi’s US visit should leave Pakistan introspective lost if it doesn’t marry economic policy with foreign policy and geopolitical realities.
www.dawn.com/world,World,UN resolution urges respect for human rights to fight terrorism,1761788/un-resolution-urges-respect-for-human-rights-to-fight-terrorism,"UN to address situations of prolonged, unresolved conflicts and foreign occupation.",Published,2023-06-26,"UN resolution urges respect for human rights to fight terrorism UN to address situations of prolonged, unresolved conflicts and foreign occupation."
www.dawn.com/world,World,"Egypt bestows highest honour, the Order of the Nile, on Modi",1761801/egypt-bestows-highest-honour-the-order-of-the-nile-on-modi,"Egypt’s seventh-largest trading partner, according to data from Cairo’s central bank, with trade reaching $7bn last year.",Updated,2023-06-26,"Egypt bestows highest honour, the Order of the Nile, on Modi Egypt’s seventh-largest trading partner, according to data from Cairo’s central bank, with trade reaching $7bn last year."
www.dawn.com/world,World,Russian strikes kill 13 in rebel-held Syria,1761802/russian-strikes-kill-13-in-rebel-held-syria,the dead in the strike on a fruit and vegetable market.,Updated,2023-06-26,Russian strikes kill 13 in rebel-held Syria the dead in the strike on a fruit and vegetable market.
www.dawn.com/world,World,"One killed, seven hurt as rollercoaster derails in Sweden",1761810/one-killed-seven-hurt-as-rollercoaster-derails-in-sweden,"the Jetline rollercoaster broke away and fell from a great height, taking several people with it.",Updated,2023-06-26,"One killed, seven hurt as rollercoaster derails in Sweden the Jetline rollercoaster broke away and fell from a great height, taking several people with it."
www.dawn.com/world,World,Airport worker dies after plane engine ‘ingests’ him,1761814/airport-worker-dies-after-plane-engine-ingests-him,"investigation, this incident was unrelated to Unifi’s operational processes, safety procedures and policies,” company says.",Updated,2023-06-26,"Airport worker dies after plane engine ‘ingests’ him investigation, this incident was unrelated to Unifi’s operational processes, safety procedures and policies,” company says."
www.dawn.com/world,World,"PM Netanyahu says invited to China, with US-Israel ties tense",1762026/pm-netanyahu-says-invited-to-china-with-us-israel-ties-tense,between US and Israel over Biden administration's consistent calling for two-state solution with Palestinians.,Published,2023-06-27,"PM Netanyahu says invited to China, with US-Israel ties tense between US and Israel over Biden administration's consistent calling for two-state solution with Palestinians."
www.dawn.com/world,World,"Israeli, Palestinian ministers discuss West Bank violence",1762022/israeli-palestinian-ministers-discuss-west-bank-violence,"gravity the violence inflicted upon Palestinian civilians in recent days,"" says defence minister.",Published,2023-06-27,"Israeli, Palestinian ministers discuss West Bank violence gravity the violence inflicted upon Palestinian civilians in recent days,"" says defence minister."
www.dawn.com/world,World,Ex-US president Trump heard discussing secret documents on tape,1762015/ex-us-president-trump-heard-discussing-secret-documents-on-tape,interview includes moment when Trump seems to indicate he's holding secret Pentagon document with plans to attack Iran.,Published,2023-06-27,Ex-US president Trump heard discussing secret documents on tape interview includes moment when Trump seems to indicate he's holding secret Pentagon document with plans to attack Iran.
www.dawn.com/world,World,‘Unacceptable’: White House denounces harassment of journalist who questioned Modi on human rights,1762008/unacceptable-white-house-denounces-harassment-of-journalist-who-questioned-modi-on-human-rights,"antithetical to the very principles of democracy,"" says John Kirby.",Published,2023-06-27,"‘Unacceptable’: White House denounces harassment of journalist who questioned Modi on human rights antithetical to the very principles of democracy,"" says John Kirby."
www.dawn.com/world,World,"Russian mercenary Prigozhin is in Belarus, Lukashenko says",1762011/russian-mercenary-prigozhin-is-in-belarus-lukashenko-says,"mediated by Lukashenko on Saturday to halt a mutiny by Prigozhin’s mercenary fighters, Prigozhin was meant to move to Belarus.",Updated,2023-06-27,"Russian mercenary Prigozhin is in Belarus, Lukashenko says mediated by Lukashenko on Saturday to halt a mutiny by Prigozhin’s mercenary fighters, Prigozhin was meant to move to Belarus."
www.dawn.com/world,World,Suhana Khan to make her movie debut with dad Shah Rukh Khan: reports,https://images.dawn.com/news/1191882/suhana-khan-to-make-her-theatrical-debut-with-dad-shah-rukh-khan-reports,Suhana will reportedly be making her cinematic debut in 2024.,Published,2023-06-27,Suhana Khan to make her movie debut with dad Shah Rukh Khan: reports Suhana will reportedly be making her cinematic debut in 2024.
www.dawn.com/world,World,"As temperatures climb, pilgrims ascend Mount Arafat for Haj climax",1762006/as-temperatures-climb-pilgrims-ascend-mount-arafat-for-haj-climax,workers are on alert for cases of heat stroke which will be highest from 12pm to 3pm.,Updated,2023-06-27,"As temperatures climb, pilgrims ascend Mount Arafat for Haj climax workers are on alert for cases of heat stroke which will be highest from 12pm to 3pm."
www.dawn.com/world,World,"US, allies not involved  in uprising against Kremlin, says Biden",1761985/us-allies-not-involved-in-uprising-against-kremlin-says-biden,"master"" urges an end to mercenary groups like Wagner.",Published,2023-06-27,"US, allies not involved  in uprising against Kremlin, says Biden master"" urges an end to mercenary groups like Wagner."
www.dawn.com/world,World,Serbia releases 3 captured Kosovo police officers,1761988/serbia-releases-3-captured-kosovo-police-officers,the three policemen has unleashed a war of words between the Kosovo government and Serbia.,Updated,2023-06-27,Serbia releases 3 captured Kosovo police officers the three policemen has unleashed a war of words between the Kosovo government and Serbia.
www.dawn.com/world,World,Indian wrestlers take fight from sit-ins to court,1761989/indian-wrestlers-take-fight-from-sit-ins-to-court,accused their federation president of sexual harassment.,Updated,2023-06-27,Indian wrestlers take fight from sit-ins to court accused their federation president of sexual harassment.
www.dawn.com/world,World,Montreal has worst air of any major city,1761990/montreal-has-worst-air-of-any-major-city,sports areas have been closed and multiple outside events have been cancelled due to the unhealthy smog.,Published,2023-06-27,Montreal has worst air of any major city sports areas have been closed and multiple outside events have been cancelled due to the unhealthy smog.
www.dawn.com/world,World,Sri Lanka  scraps monkey business plan,1761992/sri-lanka-scraps-monkey-business-plan,"exporting around 100,000 endangered monkeys to China.",Published,2023-06-27,"Sri Lanka  scraps monkey business plan exporting around 100,000 endangered monkeys to China."
www.dawn.com/world,World,"As with Zia, US now needs Modi",1761901/as-with-zia-us-now-needs-modi,"the room was US complicity in the subversion of democracy yet again, the nature of the beast.",Updated,2023-06-27,"As with Zia, US now needs Modi the room was US complicity in the subversion of democracy yet again, the nature of the beast."
www.dawn.com/world,World,FO hands over demarche to American diplomat over US-India joint statement,1761865/fo-hands-over-demarche-to-american-diplomat-over-us-india-joint-statement,"US should ""refrain from issuing statements that may be construed as encouragement of India’s baseless, politically motivated narrative"".",Published,2023-06-27,"FO hands over demarche to American diplomat over US-India joint statement US should ""refrain from issuing statements that may be construed as encouragement of India’s baseless, politically motivated narrative""."
www.dawn.com/world,World,Pieces of shattered Titanic submersible brought ashore in Canada,1762202/pieces-of-shattered-titanic-submersible-brought-ashore-in-canada,"week, resulting in death of all 5 people on board, including Pakistani-born businessman Shahzada Dawood and his son.",Published,2023-06-28,"Pieces of shattered Titanic submersible brought ashore in Canada week, resulting in death of all 5 people on board, including Pakistani-born businessman Shahzada Dawood and his son."
www.dawn.com/world,World,Man desecrates Holy Quran outside Stockholm mosque on Eid holiday,1762198/man-desecrates-holy-quran-outside-stockholm-mosque-on-eid-holiday,"police granted permission for protest, draws criticism; mosque disappointed by police decision.",Updated,2023-06-28,"Man desecrates Holy Quran outside Stockholm mosque on Eid holiday police granted permission for protest, draws criticism; mosque disappointed by police decision."
www.dawn.com/world,World,Protests flare up in France after police shoot teenager,1762190/protests-flare-up-in-france-after-police-shoot-teenager,"31 people arrested, 24 police slightly injured, 40 cars torched; policeman seen firing under custody.",Updated,2023-06-28,"Protests flare up in France after police shoot teenager 31 people arrested, 24 police slightly injured, 40 cars torched; policeman seen firing under custody."
www.dawn.com/world,World,In pictures: 1.8m worshippers brave fierce Saudi sun for Haj,1762187/in-pictures-18m-worshippers-brave-fierce-saudi-sun-for-haj,take part in the stoning of the devil ritual.,Updated,2023-06-28,In pictures: 1.8m worshippers brave fierce Saudi sun for Haj take part in the stoning of the devil ritual.
www.dawn.com/world,World,"Over $200bn potentially stolen from US Covid relief programmes, watchdog says",1762184/over-200bn-potentially-stolen-from-us-covid-relief-programmes-watchdog-says,is probing many fraud cases pegged to US government assistance programmes.,Published,2023-06-28,"Over $200bn potentially stolen from US Covid relief programmes, watchdog says is probing many fraud cases pegged to US government assistance programmes."
www.dawn.com/world,World,Huge crowds ‘stone the devil’ as fiercely hot Haj winds down,1762183/huge-crowds-stone-the-devil-as-fiercely-hot-haj-winds-down,"high as 48 degrees Celsius, more than 1.8m pilgrims join the first Haj with unrestricted numbers since pre-Covid in 2019.",Updated,2023-06-28,"Huge crowds ‘stone the devil’ as fiercely hot Haj winds down high as 48 degrees Celsius, more than 1.8m pilgrims join the first Haj with unrestricted numbers since pre-Covid in 2019."
www.dawn.com/world,World,Mouse heads found in canteen lunch boxes in China highlight food safety concerns,1762182/mouse-heads-found-in-canteen-lunch-boxes-in-china-highlight-food-safety-concerns,"outsourced to third-party provider through govt bidding and had never encountered such an issue before, says hospital.",Published,2023-06-28,"Mouse heads found in canteen lunch boxes in China highlight food safety concerns outsourced to third-party provider through govt bidding and had never encountered such an issue before, says hospital."
www.dawn.com/world,World,Indian firm used toxic industrial-grade ingredient in syrup: report,1762181/indian-firm-used-toxic-industrial-grade-ingredient-in-syrup-report,"India did not have licence to sell pharmaceutical-grade materials, a source tells Reuters.",Published,2023-06-28,"Indian firm used toxic industrial-grade ingredient in syrup: report India did not have licence to sell pharmaceutical-grade materials, a source tells Reuters."
www.dawn.com/world,World,US judge throws out high-profile chess cheating lawsuit,1762179/us-judge-throws-out-high-profile-chess-cheating-lawsuit,"seeking $100 million from those who accused him of cheating, including former world champion Magnus Carlsen.",Updated,2023-06-28,"US judge throws out high-profile chess cheating lawsuit seeking $100 million from those who accused him of cheating, including former world champion Magnus Carlsen."
www.dawn.com/world,World,Why there are no bad billionaires,1762162,be billionaires but we can all watch billionaires be stupid and applaud them anyway.,Published,2023-06-28,Why there are no bad billionaires be billionaires but we can all watch billionaires be stupid and applaud them anyway.
www.dawn.com/world,World,Pilgrims ascend Mount Arafat as Ummah urged to forge unity,1762143/pilgrims-ascend-mount-arafat-as-ummah-urged-to-forge-unity,"kingdom’s statistics authority, more than 1.8m pilgrims joined this year’s rituals.",Updated,2023-06-28,"Pilgrims ascend Mount Arafat as Ummah urged to forge unity kingdom’s statistics authority, more than 1.8m pilgrims joined this year’s rituals."
www.dawn.com/world,World,"Indian Muslims, liberals feel ignored in ‘Modi’s US frenzy’",1762108/indian-muslims-liberals-feel-ignored-in-modis-us-frenzy,Americans and their allies gather at Black Lives Plaza to protest Modi’s assault on democratic values.,Updated,2023-06-28,"Indian Muslims, liberals feel ignored in ‘Modi’s US frenzy’ Americans and their allies gather at Black Lives Plaza to protest Modi’s assault on democratic values."
www.dawn.com/world,World,WHO warns Covid ‘has not gone away’,1762113/who-warns-covid-has-not-gone-away,"“close to 1,000 new Covid-19 deaths continue to occur across the region every week"", which he says is an underestimate.",Updated,2023-06-28,"WHO warns Covid ‘has not gone away’ “close to 1,000 new Covid-19 deaths continue to occur across the region every week"", which he says is an underestimate."
www.dawn.com/world,World,"Neom will compete with Miami, says Saudi Prince",1762114/neom-will-compete-with-miami-says-saudi-prince,"salient features of The LINE project within Neom — the first smart city of its kind in the world with no roads, cars or emissions.",Updated,2023-06-28,"Neom will compete with Miami, says Saudi Prince salient features of The LINE project within Neom — the first smart city of its kind in the world with no roads, cars or emissions."
www.dawn.com/world,World,"Switzerland-sized rainforest lost last year, says study",1762115/switzerland-sized-rainforest-lost-last-year-says-study,"reveals that about 41,000 sq km of tropical rainforest was lost in 2022.",Updated,2023-06-28,"Switzerland-sized rainforest lost last year, says study reveals that about 41,000 sq km of tropical rainforest was lost in 2022."
www.dawn.com/world,World,‘Hunger may become new norm in UK’,1762121/hunger-may-become-new-norm-in-uk,University of Sussex says it is “concerning” that 14pc of the population was now suffering from food poverty.,Updated,2023-06-28,‘Hunger may become new norm in UK’ University of Sussex says it is “concerning” that 14pc of the population was now suffering from food poverty.
www.dawn.com/world,World,"Chinese spy balloon used US tech to spy on Americans, Wall Street Journal reports",1762353/chinese-spy-balloon-used-us-tech-to-spy-on-americans-wall-street-journal-reports,"support a conclusion that the craft was intended for spying, and not for weather monitoring, the report claims.",Published,2023-06-29,"Chinese spy balloon used US tech to spy on Americans, Wall Street Journal reports support a conclusion that the craft was intended for spying, and not for weather monitoring, the report claims."
www.dawn.com/world,World,US expects more cooperation with India in South China Sea,1762349/us-expects-more-cooperation-with-india-in-south-china-sea,"had declared themselves ""among the closest partners in the world"" last week during Modi's Washington visit.",Published,2023-06-29,"US expects more cooperation with India in South China Sea had declared themselves ""among the closest partners in the world"" last week during Modi's Washington visit."
www.dawn.com/world,World,France urges calm as dozens arrested after police shooting,1762347/france-urges-calm-as-dozens-arrested-after-police-shooting,were torched in parts of Paris and nationwide overnight in protest against police killing of a teenager.,Published,2023-06-29,France urges calm as dozens arrested after police shooting were torched in parts of Paris and nationwide overnight in protest against police killing of a teenager.
www.dawn.com/world,World,Eid prayers banned in Srinagar over fears of anti-India processions: report,1762342/eid-prayers-banned-in-srinagar-over-fears-of-anti-india-processions-report,"""unfortunate and condemnable""; main gate of Jamia Masjid in Srinagar locked.",Published,2023-06-29,"Eid prayers banned in Srinagar over fears of anti-India processions: report ""unfortunate and condemnable""; main gate of Jamia Masjid in Srinagar locked."
www.dawn.com/world,World,‘Despicable act’: Pakistan strongly condemns desecration of Holy Quran in Sweden,1762341/despicable-act-pakistan-strongly-condemns-desecration-of-holy-quran-in-sweden,"to undertake measures to prevent the rising incidents of xenophobia, Islamophobia, and anti-Muslim hatred.",Updated,2023-06-29,"‘Despicable act’: Pakistan strongly condemns desecration of Holy Quran in Sweden to undertake measures to prevent the rising incidents of xenophobia, Islamophobia, and anti-Muslim hatred."
www.dawn.com/world,World,"Guard, gunman dead in shooting at US consulate in Saudi Arabia",1762339/guard-gunman-dead-in-shooting-at-us-consulate-in-saudi-arabia,no Americans were hurt and that the consulate in Jeddah had been secured.,Published,2023-06-29,"Guard, gunman dead in shooting at US consulate in Saudi Arabia no Americans were hurt and that the consulate in Jeddah had been secured."
www.dawn.com/world,World,"‘Presumed human remains’ discovered in Titan sub wreckage, officials say",1762338/presumed-human-remains-discovered-in-titan-sub-wreckage-officials-say,"now be taken aboard a US Coast Guard cutter to a US port for further analysis, the organisation said.",Published,2023-06-29,"‘Presumed human remains’ discovered in Titan sub wreckage, officials say now be taken aboard a US Coast Guard cutter to a US port for further analysis, the organisation said."
www.dawn.com/world,World,"52pc Americans have faced online hate, survey finds",1762222/52pc-americans-have-faced-online-hate-survey-finds,"harassment stood at 76pc for transgender people, 26pc of Jewish respondents, 38pc of Black Americans and 38pc of Muslims.",Published,2023-06-29,"52pc Americans have faced online hate, survey finds harassment stood at 76pc for transgender people, 26pc of Jewish respondents, 38pc of Black Americans and 38pc of Muslims."
www.dawn.com/world,World,"Iraq seizes 250,000 captagon pills at school building site",1762223/iraq-seizes-250000-captagon-pills-at-school-building-site,captagon pills and one kilogram of cannabis resin from a school being renovated in the city of Ramadi”.,Published,2023-06-29,"Iraq seizes 250,000 captagon pills at school building site captagon pills and one kilogram of cannabis resin from a school being renovated in the city of Ramadi”."
www.dawn.com/world,World,Virgin Galactic set to launch its first commercial rocket,1762224/virgin-galactic-set-to-launch-its-first-commercial-rocket,"one of a handful of private ventures, including SpaceX and Blue Origin, catering to wealthy would-be astronauts.",Published,2023-06-29,"Virgin Galactic set to launch its first commercial rocket one of a handful of private ventures, including SpaceX and Blue Origin, catering to wealthy would-be astronauts."
www.dawn.com/world,World,"Prigozhin aimed to capture Russian generals, says WSJ",1762227/prigozhin-aimed-to-capture-russian-generals-says-wsj,"troops ""threat"" to region, asks purpose of relocation.",Updated,2023-06-29,"Prigozhin aimed to capture Russian generals, says WSJ troops ""threat"" to region, asks purpose of relocation."
www.dawn.com/world,World,"Think anew to make electricity affordable, says WEF",1762240/think-anew-to-make-electricity-affordable-says-wef,new consumers will likely lose the ability to pay for power.,Updated,2023-06-30,"Think anew to make electricity affordable, says WEF new consumers will likely lose the ability to pay for power."
www.dawn.com/world,World,Haj 2023 — a dream come true for millions of women,1762304/haj-2023-a-dream-come-true-for-millions-of-women,"of women from across 160 countries participated in the Haj pilgrimage, the biggest since the start of the pandemic.",Updated,2023-06-29,"Haj 2023 — a dream come true for millions of women of women from across 160 countries participated in the Haj pilgrimage, the biggest since the start of the pandemic."
www.dawn.com/world,World,Nine dead after Russian missile hits restaurant,1762306/nine-dead-after-russian-missile-hits-restaurant,"among the dead at the Ria Pizza restaurant in eastern Ukraine, while at least 56 people were injured in the attack.",Published,2023-06-29,"Nine dead after Russian missile hits restaurant among the dead at the Ria Pizza restaurant in eastern Ukraine, while at least 56 people were injured in the attack."
www.dawn.com/world,World,France braces for protests over police shooting,1762308/france-braces-for-protests-over-police-shooting,"will deploy 2,000 riot police to deal with any unrest, a day after a 17-year-old was shot by a police officer.",Published,2023-06-29,"France braces for protests over police shooting will deploy 2,000 riot police to deal with any unrest, a day after a 17-year-old was shot by a police officer."
www.dawn.com/world,World,Public transport curtailed in France after rage over shooting,1762378/public-transport-curtailed-in-france-after-rage-over-shooting,local authorities to halt all bus and tram traffic from 9pm across the whole of France.,Published,2023-06-30,Public transport curtailed in France after rage over shooting local authorities to halt all bus and tram traffic from 9pm across the whole of France.
www.dawn.com/world,World,"US rejoins Unesco, reversing Trump withdrawal",1762377/us-rejoins-unesco-reversing-trump-withdrawal,"great day for Unesco and for multilateralism,” says Unesco chief Audrey Azoulay.",Published,2023-06-30,"US rejoins Unesco, reversing Trump withdrawal great day for Unesco and for multilateralism,” says Unesco chief Audrey Azoulay."
www.dawn.com/world,World,PM Shehbaz to attend July 4 SCO virtual summit on Modi’s invitation,1762376/pm-shehbaz-to-attend-july-4-sco-virtual-summit-on-modis-invitation,"his participation “illustrates the high importance that Pakistan attaches to the Shanghai Cooperation Organisation"".",Published,2023-06-30,"PM Shehbaz to attend July 4 SCO virtual summit on Modi’s invitation his participation “illustrates the high importance that Pakistan attaches to the Shanghai Cooperation Organisation""."
www.dawn.com/world,World,"Six injured in fire at Indian pharma factory, state police say",1762369/six-injured-in-fire-at-indian-pharma-factory-state-police-say,"rushed to Sahithi Pharma unit in Andhra Pradesh; police official says ""exact reason for the accident"" yet to be identified.",Published,2023-06-30,"Six injured in fire at Indian pharma factory, state police say rushed to Sahithi Pharma unit in Andhra Pradesh; police official says ""exact reason for the accident"" yet to be identified."
www.dawn.com/world,World,Thousands report problems using Twitter,1762410/thousands-report-problems-using-twitter,"problems not clear yet; Elon Musk says Twitter has applied temporary reading limits to address “extreme levels” of data scraping, system manipulation.",Updated,2023-07-02,"Thousands report problems using Twitter problems not clear yet; Elon Musk says Twitter has applied temporary reading limits to address “extreme levels” of data scraping, system manipulation."
www.dawn.com/world,World,"‘Disrespectful’: EU latest to condemn desecration of Holy Quran in Sweden, OIC calls emergency meeting",1762406/disrespectful-eu-latest-to-condemn-desecration-of-holy-quran-in-sweden-oic-calls-emergency-meeting,"xenophobia and related intolerance have no place in Europe,"" says EU; OIC meeting tomorrow to discuss the incident, its fallout.",Updated,2023-07-02,"‘Disrespectful’: EU latest to condemn desecration of Holy Quran in Sweden, OIC calls emergency meeting xenophobia and related intolerance have no place in Europe,"" says EU; OIC meeting tomorrow to discuss the incident, its fallout."
www.dawn.com/world,World,Pakistan-born US lawmaker attacked after Eid prayers in Connecticut,1762397/pakistan-born-us-lawmaker-attacked-after-eid-prayers-in-connecticut,"has sustained minor injuries; suspect arrested and charged with unlawful restraint, assault.",Updated,2023-07-01,"Pakistan-born US lawmaker attacked after Eid prayers in Connecticut has sustained minor injuries; suspect arrested and charged with unlawful restraint, assault."
www.dawn.com/world,World,FM Bilawal reaches Tokyo for ‘revival of leadership-level contacts’,1762403/fm-bilawal-reaches-tokyo-for-revival-of-leadership-level-contacts,"Bilawal will hold delegation-level talks with Japanese counterpart, meetings with Japanese PM and national security adviser.",Updated,2023-07-01,"FM Bilawal reaches Tokyo for ‘revival of leadership-level contacts’ Bilawal will hold delegation-level talks with Japanese counterpart, meetings with Japanese PM and national security adviser."
www.dawn.com/world,World,Bolsonaro barred from holding public office in Brazil until 2030,1762393/bolsonaro-barred-from-holding-public-office-in-brazil-until-2030,"7 justices vote to convict the 68-year-old for abuse of power, misuse of media over his actions in July 2022, ahead of elections.",Published,2023-07-01,"Bolsonaro barred from holding public office in Brazil until 2030 7 justices vote to convict the 68-year-old for abuse of power, misuse of media over his actions in July 2022, ahead of elections."
www.dawn.com/world,World,Five British crime shows to add to your watchlist,https://images.dawn.com/news/1191844,British shows that we just love.,Published,2023-07-01,Five British crime shows to add to your watchlist British shows that we just love.
www.dawn.com/world,World,"Bus fire in India’s Maharashtra kills at least 25, injures eight",1762394/bus-fire-in-indias-maharashtra-kills-at-least-25-injures-eight,"from Nagpur to Pune when at around 1:35am it met with an accident, after which the diesel tank of the bus caught fire.",Updated,2023-07-01,"Bus fire in India’s Maharashtra kills at least 25, injures eight from Nagpur to Pune when at around 1:35am it met with an accident, after which the diesel tank of the bus caught fire."
www.dawn.com/world,World,France braces for new violence as teenager killed by policeman laid to rest,1762391/france-braces-for-new-violence-as-teenager-killed-by-policeman-laid-to-rest,"5th consecutive night; Macron postpones Germany visit; more than 1,300 arrested overnight from Friday to Saturday.",Updated,2023-07-01,"France braces for new violence as teenager killed by policeman laid to rest 5th consecutive night; Macron postpones Germany visit; more than 1,300 arrested overnight from Friday to Saturday."
www.dawn.com/world,World,"State Department review of 2021 Afghanistan evacuation critical of Biden, Trump",1762387/state-department-review-of-2021-afghanistan-evacuation-critical-of-biden-trump,"secretary says Biden ""had to make a choice""; Trump's spokesman blames Biden.",Published,2023-07-01,"State Department review of 2021 Afghanistan evacuation critical of Biden, Trump secretary says Biden ""had to make a choice""; Trump's spokesman blames Biden."
